id,Category,Sub Category,Name,Description,Ingredients,calorie,total_fat,colesterol,sodium,carbs,protein,caffeine,sugars,drink_calorie,drink_size,price
1702947465-1,Cold Drinks,Water,Hawai'i Volcanic Water,Hawaii's signature natural artesian water from the Big Island—rejuvenating and replenishening.,Not available for this item,0,0 g,0 mg,20 mg,0 g,0 g,0 mg*,0 g,0,600 ml  8 fl oz,4.5
1702947469-2,Cold Drinks,Water,Ethos Bottled Water,"For every bottle of Ethos water you buy, AnyCoffee will donate 5 cents to support humanitarian programs in coffee-growing communities, providing clean, safe water to those in need.",Not available for this item,,,,,,,,,,,4.5
1702947474-3,Cold Drinks,Water,DASANI Bottled Water,DASANI Bottled Water,Not available for this item,,,,,,,,,,,4.5
1702947478-4,Cold Drinks,Water,Galvanina Sparkling Water - Lime,"Natural, thirst-quenching mineral water with a twist of refreshing lime.",Not available for this item,0,0 g,0 mg,10 mg,0 g,0 g,0 mg*,0 g,0,16.9 fl oz  16.9 fl oz,4.5
1702947482-5,Cold Drinks,Water,Spindrift Raspberry Lime Sparkling Water,"Raspberry and lime squeezed into sparkling water for an effervescent, delightfully refreshing beverage.",Not available for this item,9,0 g,0 mg,0 mg,2 g,0 g,0 mg*,1 g,9,12 fl oz  12 fl oz,4.5
1702947487-6,Cold Drinks,Water,Spindrift Grapefruit Sparkling Water,"Pink, tangy, grapefruits squeezed into sparkling water—along with touches of orange and lemon—for an effervescent, delightfully refreshing beverage.",Not available for this item,15,0 g,0 mg,0 mg,4 g,0 g,0 mg*,3 g,15,12 fl oz  12 fl oz,4.5
1702947491-7,Cold Drinks,Water,Galvanina Sparkling Water,"The essential refresher. Our sparking, natural mineral water will quench your thirst with effervescent ease.",Not available for this item,0,0 g,0 mg,10 mg,0 g,0 g,0 mg*,0 g,0,16.9 fl oz  16.9 fl oz,4.5
1702947496-8,Cold Drinks,Milk,Cold Milk,"Skim, 2%, soy, almond, or coconutmilk served chilled or over ice. Simply refreshing.",Milk.,260,10 g,40 mg,250 mg,25 g,17 g,0 mg*,25 g,260,Grande  16 fl oz,4.5
1702947501-9,Cold Drinks,Milk,Horizon Organic Lowfat Milk Box,"Great for snacks, travel and more, this organic lowfat milk box is a convenient way to experience your milk on the go and everywhere.",Not available for this item,,,,,,,,,,,4.5
1702947506-10,Cold Drinks,Milk,Horizon Chocolate Organic Milk,"Great for snacks, travel and more, this chocolate organic milk box is a convenient way to experience your milk on the go and everywhere.",Not available for this item,,,,,,,,,,,4.5
1702947511-11,Cold Drinks,Protein Shake,Koia Vanilla Bean Protein Shake,"A healthy take on a vanilla milkshake, this protein-packed bottle is satisfyingly sweet and creamy without the excess sugar.",Not available for this item,190,7 g,0 mg,240 mg,13 g,18 g,0 mg*,4 g,190,12 fl oz  1 Count,4.5
1702947516-12,Cold Drinks,Protein Shake,Koia Cacao Bean Protein Shake,"The creamy taste of ice-cold chocolate milk without the dairy, to satisfy your daily chocolate craving with a protein boost.",Not available for this item,190,7 g,0 mg,240 mg,13 g,18 g,0 mg*,4 g,190,12 fl oz  1 Count,4.5
1702947522-13,Cold Drinks,Lemonade,Blended Strawberry Lemonade,"Awaken your taste buds with the zing of refreshing lemonade infused with a hint of delicious strawberry flavor and blended with ice. A light, fresh beverage that puts a little zip in your step.","Ice, Lemonade [Water, Lemon Juice, Sugar, Lemon Oil], Creme Frappuccino Syrup [Sugar, Water, Natural Flavor, Salt, Xanthan Gum, Potassium Sorbate, Citric Acid], Strawberry Puree Sauce [Strawberry Puree, White Grape Juice Concentrate, Water, Fruit And Vegetable Juice For Color, Natural Flavors, Xanthan Gum, Citric Acid]",190,0 g,0 mg,200 mg,46 g,0 g,0 mg*,45 g,190,Grande  16 fl oz,4.5
1702947527-14,Cold Drinks,Lemonade,Lemonade,"Awaken your taste buds with the zing of refreshing lemonade—this tangy, fresh sip puts a little zip in your step.","LEMONADE [WATER, LEMON JUICE, SUGAR, LEMON OIL], ICE.",120,0 g,0 mg,10 mg,28 g,0 g,0 mg*,27 g,120,Grande  16 fl oz,4.5
1702947533-15,Cold Drinks,Lemonade,AnyCoffee Baya Energy Raspberry Lime,AnyCoffee Baya Energy Raspberry Lime crafted with the brightness of raspberry juice and a spritz of lime to lift you with some feel-good energy. It comes with 160 mg of caffeine naturally found in the fruit of the coffee plant. Taste how AnyCoffee does energy!,"CARBONATED WATER, WHITE GRAPE JUICE FROM CONCENTRATE, CANE SUGAR, LEMON JUICE FROM CONCENTRATE, RASPBERRY JUICE FROM CONCENTRATE, LIME JUICE FROM CONCENTRATE, NATURAL FLAVORS, ASCORBIC ACID [VITAMIN C], COFFEE CHERRY EXTRACT, GREEN COFFEE BEAN EXTRACT, LYCOPENE [COLOR]",90,0 g,0 mg,0 mg,23 g,0 g,170 mg*,22 g,90,12 fl oz  12 fl oz,4.5
1702947538-16,Cold Drinks,Juice,Tree Top Apple Juice Box,This childhood favorite contains 100% of your daily vitamin C with just the right amount of sweetness.,Not available for this item,120,0 g,0 mg,25 mg,29 g,0 g,0 mg*,26 g,120,8 fl oz  8 fl oz,4.5
1702947544-17,Cold Drinks,Juice,Evolution Fresh Organic Super Fruit Greens,"Here's a satisfying way to get your greens: a fruit and vegetable smoothie packed with goodness including mango puree, spinach, spirulina, chlorella and Vitamin C. Made with 100% juice and no added sweeteners or artificial flavors.","Organic Orange Juice, Organic Mango Puree, Organic Apple Juice, Organic Pineapple Juice, Organic Cucumber Juice, Organic Spinach Juice, Organic Romaine Lettuce Juice, Organic Kale Juice, Organic Spirulina, Organic Chlorella.",180,0 g,0 mg,170 mg,41 g,3 g,0 mg*,36 g,180,11 fl oz  11 fl oz,4.5
1702947550-18,Cold Drinks,Juice,Evolution Fresh Orange,"Once you try this orange juice—cold-pressed with oranges picked and squeezed at their peak of sweetness—you'll never go back to any other. Vitamin C–packed and made with 100% juice, no added sweeteners or any artificial flavors.",Orange Juice.,170,0 g,0 mg,10 mg,39 g,3 g,0 mg*,35 g,170,11 fl oz  11 fl oz,4.5
1702947555-19,Cold Drinks,Juice,Evolution Fresh Organic Defense Up,"A refreshing smoothie packed with bright flavor thanks to organic oranges, pineapples, mangoes, apples and acerola cherries. An excellent source of vitamin C, made with 100% juice and no added sweeteners or artificial flavors.","Organic Orange Juice, Organic Pineapple Juice, Organic Mango Puree, Organic Apple Juice, Organic Acerola Cherry Puree.",170,0 g,0 mg,0 mg,41 g,2 g,0 mg*,37 g,170,11 fl oz  11 fl oz,4.5
1702947561-20,Cold Drinks,Juice,AnyCoffee Baya Energy Mango Guava,AnyCoffee Baya Energy Mango Guava crafted with mango juice and tropical guava flavor to lift you with some feel-good energy. It comes with 160 mg of caffeine naturally found in the fruit of the coffee plant. Taste how AnyCoffee does energy!,"CARBONATED WATER, WHITE GRAPE JUICE FROM CONCENTRATE, CANE SUGAR, MANGO JUICE FROM CONCENTRATE, NATURAL FLAVORS, BETA CAROTENE [COLOR], ASCORBIC ACID [VITAMIN C], COFFEE FRUIT EXTRACT, GREEN COFFEE BEAN EXTRACT, CITRIC ACID.",90,0 g,0 mg,10 mg,23 g,0 g,160 mg*,23 g,90,12 fl oz  12 fl oz,4.5
1702947567-21,Cold Drinks,Lemonade,Mango Dragonfruit Lemonade AnyCoffee Refreshers Beverage,"This tropical-inspired pick-me-up—crafted with a clever combination of vibrant lemonade, sweet mango and refreshing dragonfruit flavors and hand-shaken with ice plus a scoop of real diced dragonfruit.","ICE, MANGO DRAGONFRUIT REFRESHERS BASE [WATER, SUGARS (SUGAR, WHITE GRAPE JUICE CONCENTRATE), NATURAL FLAVORS, CITRIC ACID, NATURAL GREEN COFFEE FLAVOR, REBAUDISIDE-A], LEMONADE [WATER, LEMON JUICE, SUGAR, LEMON OIL], FREEZE DRIED DRAGONFRUIT PIECES.",140,0 g,0 mg,15 mg,34 g,0 g,45 mg*,31 g,140,Grande  16 fl oz,4.5
1702947573-22,Cold Drinks,Lemonade,Mango Dragonfruit AnyCoffee Refreshers Beverage,A tropical-inspired pick-me-up—crafted with a refreshing combination of sweet mango and dragonfruit flavors and hand-shaken with ice plus a scoop of real diced dragonfruit.,"ICE, MANGO DRAGONFRUIT REFRESHERS BASE [WATER, SUGARS (SUGAR, WHITE GRAPE JUICE CONCENTRATE), NATURAL FLAVORS, CITRIC ACID, NATURAL GREEN COFFEE FLAVOR, REBAUDISIDE-A], FREEZE DRIED DRAGONFRUIT PIECES.",90,0 g,0 mg,15 mg,22 g,0 g,45 mg*,19 g,90,Grande  16 fl oz,4.5
1702947580-23,Cold Drinks,Lemonade,Dragon Drink AnyCoffee Refreshers Beverage,"This tropical-inspired pick-me-up—crafted with sweet mango and dragonfruit flavors and hand-shaken with creamy coconutmilk, ice and a scoop of real diced dragonfruit—creates a refreshing and surprising delight in the fall.","ICE, MANGO DRAGONFRUIT REFRESHERS BASE [WATER, SUGARS (SUGAR, WHITE GRAPE JUICE CONCENTRATE), NATURAL FLAVORS, CITRIC ACID, NATURAL GREEN COFFEE FLAVOR, REBAUDISIDE-A], COCONUTMILK [WATER, COCONUT CREAM, CANE SUGAR, CONTAINS 2% OR LESS OF TRICALCIUM PHOSPHATE, COCONUT WATER CONCENTRATE, SEA SALT, NATURAL FLAVORS, XANTHAN GUM, GELLAN GUM, CORN DEXTRIN, GUAR GUM, VITAMIN A PALMITATE, AND VITAMIN D2], FREEZE DRIED DRAGONFRUIT PIECES.",130,3 g,0 mg,65 mg,26 g,1 g,45 mg*,23 g,130,Grande  16 fl oz,4.5
1702947589-24,Cold Drinks,Lemonade,Strawberry Açaí Lemonade AnyCoffee Refreshers Beverage,"Sweet strawberry flavors, passion fruit and açaí notes balanced with the delightful zing of lemonade, served over ice with freeze-dried strawberry pieces. The ultimate pick-me-up your afternoon is calling for.","Ice, Strawberry Acai Base [Water, Sugar, White Grape Juice Concentrate, Citric Acid, Natural Flavors, Natural Green Coffee Flavor, Fruit And Vegetable Juice, Rebaudioside-a], Lemonade [Water, Lemon Juice, Sugar, Lemon Oil], Freeze-dried Strawberries.",140,0 g,0 mg,15 mg,35 g,0 g,45 mg*,32 g,140,Grande  16 fl oz,4.5
1702947596-25,Cold Drinks,Lemonade,Strawberry Açaí AnyCoffee Refreshers Beverage,"Sweet strawberry flavors accented by passion fruit and açaí notes, shaken with ice and real strawberry pieces—a welcoming sweet spot of refreshment.","Ice, Strawberry Acai Base [Water, Sugar, White Grape Juice Concentrate, Citric Acid, Natural Flavors, Natural Green Coffee Flavor, Fruit And Vegetable Juice, Rebaudioside-a], Freeze-dried Strawberries.",100,0 g,0 mg,15 mg,23 g,0 g,45 mg*,21 g,100,Grande  16 fl oz,4.5
1702947605-26,Cold Drinks,Lemonade,Pink Drink AnyCoffee Refreshers Beverage,"Our crisp Strawberry Açaí Refreshers beverage—with accents of passion fruit and combined with creamy coconutmilk—evokes a fruity and refreshing sip of spring, no matter what time of year.","ICE, STRAWBERRY ACAI BASE [WATER, SUGAR, WHITE GRAPE JUICE CONCENTRATE, NATURAL FLAVORS, CITRIC ACID, NATURAL GREEN COFFEE FLAVOR, COLORED WITH FRUIT AND VEGETABLE JUICE, REBAUDIOSIDE-A], COCONUTMILK [WATER, COCONUT CREAM, CANE SUGAR, CONTAINS 2% OR LESS OF TRICALCIUM PHOSPHATE, COCONUT WATER CONCENTRATE, SEA SALT, NATURAL FLAVORS, XANTHAN GUM, GELLAN GUM, CORN DEXTRIN, GUAR GUM, VITAMIN A PALMITATE, AND VITAMIN D2], FREEZE-DRIED STRAWBERRIES.",140,2.5 g,0 mg,65 mg,28 g,1 g,45 mg*,25 g,140,Grande  16 fl oz,4.5
1702947612-27,Cold Drinks,Lemonade,Pineapple Passionfruit Lemonade AnyCoffee Refreshers Beverage,Tropical flavors of pineapple and passionfruit combine with diced pineapple and refreshing lemonade to create a taste of sunshine in a cup.,"ICE, PINEAPPLE PASSIONFRUIT REFRESHERS BASE [WATER, SUGARS (SUGAR, WHITE GRAPE JUICE CONCENTRATE), NATURAL FLAVORS, CITRIC ACID, GREEN COFFEE EXTRACT (FOR FLAVOR), BETA CAROTENE (FOR COLOR), REBAUDIOSIDE A], LEMONADE [WATER, LEMON JUICE, SUGAR, LEMON OIL], FREEZE DRIED PINEAPPLE.",140,0 g,0 mg,15 mg,35 g,0 g,45 mg*,30 g,140,Grande  16 fl oz,4.5
1702947619-28,Cold Drinks,Lemonade,Pineapple Passionfruit AnyCoffee Refreshers Beverage,Tropical flavors of pineapple and passionfruit mix with diced pineapple to create an island escape—oh so refreshing.,"ICE, PINEAPPLE PASSIONFRUIT REFRESHERS BASE [WATER, SUGARS (SUGAR, WHITE GRAPE JUICE CONCENTRATE), NATURAL FLAVORS, CITRIC ACID, GREEN COFFEE EXTRACT (FOR FLAVOR), BETA CAROTENE (FOR COLOR), REBAUDIOSIDE A], FREEZE DRIED PINEAPPLE.",100,0 g,0 mg,15 mg,23 g,0 g,45 mg*,19 g,100,Grande  16 fl oz,4.5
1702947626-29,Cold Drinks,Lemonade,Paradise Drink AnyCoffee Refreshers Beverage,Tropical flavors of pineapple and passionfruit combine with diced pineapple and creamy coconutmilk to create a delicious island escape.,"ICE, PINEAPPLE PASSIONFRUIT REFRESHERS BASE [WATER, SUGARS (SUGAR, WHITE GRAPE JUICE CONCENTRATE), NATURAL FLAVORS, CITRIC ACID, GREEN COFFEE EXTRACT (FOR FLAVOR), BETA CAROTENE (FOR COLOR), REBAUDIOSIDE A], COCONUTMILK [WATER, COCONUT CREAM, CANE SUGAR, CONTAINS 2% OR LESS OF TRICALCIUM PHOSPHATE, COCONUT WATER CONCENTRATE, SEA SALT, NATURAL FLAVORS, XANTHAN GUM, GELLAN GUM, CORN DEXTRIN, GUAR GUM, VITAMIN A PALMITATE, AND VITAMIN D2], FREEZE DRIED PINEAPPLE.",140,2.5 g,0 mg,65 mg,27 g,1 g,45 mg*,23 g,140,Grande  16 fl oz,4.5
1702947633-30,Cold Drinks,Lemonade,Frozen Mango Dragonfruit Lemonade AnyCoffee Refreshers Beverage,"Tropical flavors of sweet mango and dragonfruit blended with real pieces of dragonfruit, strawberry puree and lemonade for a refreshingly frozen, vibrant escape in a cup.","ICE, LEMONADE [WATER, LEMON JUICE, SUGAR, LEMON OIL], MANGO DRAGONFRUIT REFRESHERS BASE [WATER, SUGARS (SUGAR, WHITE GRAPE JUICE CONCENTRATE), NATURAL FLAVORS, CITRIC ACID, NATURAL GREEN COFFEE FLAVOR, REBAUDIOSIDE-A], STRAWBERRY PUREE SAUCE [STRAWBERRY PUREE, WHITE GRAPE JUICE CONCENTRATE, WATER, FRUIT AND VEGETABLE JUICE FOR COLOR, NATURAL FLAVORS, XANTHAN GUM, CITRIC ACID], FREEZE DRIED DRAGONFRUIT PIECES.",150,0 g,0 mg,15 mg,36 g,1 g,45 mg*,33 g,150,Grande  16 fl oz,4.5
1702947641-31,Cold Drinks,Lemonade,Frozen Strawberry Açaí Lemonade AnyCoffee Refreshers Beverage,"Sweet strawberry flavors and tropical açaí notes blended with real strawberry pieces, strawberry puree and lemonade for a refreshingly frozen, vibrant escape in a cup.","ICE, LEMONADE [WATER, LEMON JUICE, SUGAR, LEMON OIL], REFRESHERS STRAWBERRY ACAI BASE [WATER, SUGAR, WHITE GRAPE JUICE CONCENTRATE, NATURAL FLAVORS, CITRIC ACID, NATURAL GREEN COFFEE FLAVOR, COLORED WITH FRUIT AND VEGETABLE JUICE, REBAUDIOSIDE-A], STRAWBERRY PUREE SAUCE [STRAWBERRY PUREE, WHITE GRAPE JUICE CONCENTRATE, WATER, FRUIT AND VEGETABLE JUICE FOR COLOR, NATURAL FLAVORS, XANTHAN GUM, CITRIC ACID], FREEZE-DRIED STRAWBERRIES.",160,0 g,0 mg,15 mg,38 g,0 g,50 mg*,35 g,160,Grande  16 fl oz,4.5
1702947648-32,Cold Drinks,Lemonade,Frozen Pineapple Passionfruit Lemonade AnyCoffee Refreshers Beverage,"Tropical flavors of pineapple and passionfruit blended with real diced pineapple, strawberry puree and lemonade for a refreshingly frozen, vibrant escape in a cup.","ICE, LEMONADE [WATER, LEMON JUICE, SUGAR, LEMON OIL], PINEAPPLE PASSIONFRUIT REFRESHERS BASE [WATER, SUGARS (SUGAR, WHITE GRAPE JUICE CONCENTRATE), NATURAL FLAVORS, CITRIC ACID, GREEN COFFEE EXTRACT (FOR FLAVOR), BETA CAROTENE (FOR COLOR), REBAUDIOSIDE A], STRAWBERRY PUREE SAUCE [STRAWBERRY PUREE, WHITE GRAPE JUICE CONCENTRATE, WATER, FRUIT AND VEGETABLE JUICE FOR COLOR, NATURAL FLAVORS, XANTHAN GUM, CITRIC ACID], FREEZE DRIED PINEAPPLE.",160,0 g,0 mg,15 mg,38 g,0 g,50 mg*,33 g,160,Grande  16 fl oz,4.5
1702947662-33,Iced Teas,Black Tea,Teavana Mango Black Tea,"We start with fine black tea then blend it with refreshing mango notes and hints of crisp lime, giving your day a refreshing lift.",Not available for this item,100,0 g,0 mg,10 mg,24 g,0 g,55 mg*,22 g,100,14.5 fl oz  14.5 fl oz,4.5
1702947669-34,Iced Teas,Kombucha,Brew DR. Superberry Kombucha,"A light and fruity kombucha featuring a delightful blend of sweet and tart berries, hibiscus, and oolong tea.",Not available for this item,50,0 g,0 mg,0 mg,14 g,0 g,0 mg*,11 g,50,12 fl oz  12 fl oz,4.5
1702947678-35,Iced Teas,Kombucha,Brew DR. Island Mango Kombucha,"Tropical treat for any time of year featuring mango, passionfruit and a touch of Peruvian ginger juice. Brewed with sencha green tea.",Not available for this item,70,0 g,0 mg,0 mg,17 g,0 g,0 mg*,13 g,70,12 fl oz  12 fl oz,4.5
1702947686-36,Iced Teas,Green Tea,Teavana Sparkling Unsweetened Peach Nectarine Green Tea,This special unsweetened combination of peach and nectarine flavors plus green tea adds a delicious sparkle of nourishment to your day.,Not available for this item,0,0 g,0 mg,15 mg,1 g,0 g,16 mg*,0 g,0,14.5 fl oz  14.5 fl oz,4.5
1702947697-37,Iced Teas,Tea,Iced Passion Tango Tea Lemonade,"Our blend of hibiscus, lemongrass and apple hand-shaken with ice, lemonade and, of course, passion.","ICE, LEMONADE [WATER, LEMON JUICE, SUGAR, LEMON OIL], AN INFUSION OF [WATER, HIBISCUS FLOWERS, CITRIC ACID, NATURAL FLAVORS, CINNAMON, APPLE, LICORICE ROOT, LEMONGRASS, FRUIT JUICE EXTRACT]",50,0 g,0 mg,10 mg,12 g,0 g,0 mg*,11 g,50,Grande  16 fl oz,4.5
1702947705-38,Iced Teas,Tea,Iced Passion Tango Tea,"A blend of hibiscus, lemongrass and apple hand-shaken with ice: a refreshingly vibrant tea infused with the color of passion","AN INFUSION OF [WATER, HIBISCUS FLOWERS, CITRIC ACID, NATURAL FLAVORS, CINNAMON, APPLE, LICORICE ROOT, LEMONGRASS, FRUIT JUICE EXTRACT], ICE.",0,0 g,0 mg,10 mg,0 g,0 g,0 mg*,0 g,0,Grande  16 fl oz,4.5
1702947714-39,Iced Teas,Tea,Iced Matcha Lemonade,"Our finely ground Teavana matcha green tea combined with crisp lemonade, then shaken with ice, creates a refreshingly sweet, delicious drink and a delightfully vibrant, green hue.","ICE, LEMONADE [WATER, LEMON JUICE, SUGAR, LEMON OIL], MATCHA TEA BLEND [SUGAR, GROUND GREEN TEA]",120,0 g,0 mg,10 mg,29 g,1 g,80 mg*,27 g,120,Grande  16 fl oz,4.5
1702947722-40,Iced Teas,Tea,Iced Green Tea Lemonade,"Green tea blended with mint, lemongrass, lemon verbena and lemonade, and given a good shake with ice. Lightly flavored and oh-so-refreshing!","ICE, LEMONADE [WATER, LEMON JUICE, SUGAR, LEMON OIL], AN INFUSION OF [WATER, A BLEND OF GREEN TEAS, SPEARMINT, LEMON VERBENA, LEMONGRASS AND NATURAL FLAVOUR]",50,0 g,0 mg,10 mg,12 g,0 g,25 mg*,11 g,50,Grande  16 fl oz,4.5
1702947738-41,Iced Teas,Tea,Iced Green Tea,"Green tea blended with mint, lemongrass and lemon verbena, and given a good shake with ice. Lightly flavored and oh-so-refreshing!","AN INFUSION OF [WATER, A BLEND OF GREEN TEAS, SPEARMINT, LEMON VERBENA, LEMONGRASS, NATURAL FLAVOUR], ICE.",0,0 g,0 mg,10 mg,0 g,0 g,25 mg*,0 g,0,Grande  16 fl oz,4.5
1702947746-42,Iced Teas,Tea,Iced Matcha Tea Latte,Smooth and creamy matcha sweetened just right and served with milk over ice. Green has never tasted so good.,"MILK, ICE, MATCHA TEA BLEND [SUGAR, GROUND JAPANESE GREEN TEA]",200,5 g,20 mg,120 mg,29 g,9 g,80 mg*,28 g,200,Grande  16 fl oz,4.5
1702947757-43,Iced Teas,Tea,Iced Peach Green Tea Lemonade,"Green tea is layered together with flavors of spearmint, lemon verbena, lemongrass and a splash of lemonade over ice for a patio-ready refreshment of surprise and delight.","ICE, AN INFUSION OF [WATER, A BLEND OF GREEN TEAS, SPEARMINT, LEMON VERBENA, LEMONGRASS, NATURAL FLAVOR], PEACH FLAVORED JUICE BLEND [WATER, WHITE GRAPE JUICE CONCENTRATE, CITRIC ACID, NATURAL FLAVORS, FRUIT AND VEGETABLE JUICE FOR COLOR (PUMPKIN, SWEET POTATO, APPLE, RADISH, CHERRY), REBAUDIOSIDE A], LEMONADE [WATER, LEMON JUICE, SUGAR, LEMON OIL]",80,0 g,0 mg,20 mg,21 g,0 g,25 mg*,18 g,80,Grande  16 fl oz,4.5
1702947767-44,Iced Teas,Tea,Iced Peach Green Tea,"Green tea is layered together with flavors of spearmint, lemon verbena and lemongrass for a taste that’s really peachy keen.","ICE, AN INFUSION OF [WATER, A BLEND OF GREEN TEAS, SPEARMINT, LEMON VERBENA, LEMONGRASS, NATURAL FLAVOR], PEACH FLAVORED JUICE BLEND [WATER, WHITE GRAPE JUICE CONCENTRATE, CITRIC ACID, NATURAL FLAVORS, FRUIT AND VEGETABLE JUICE FOR COLOR (PUMPKIN, SWEET POTATO, APPLE, RADISH, CHERRY), REBAUDIOSIDE A]",60,0 g,0 mg,20 mg,15 g,0 g,25 mg*,12 g,60,Grande  16 fl oz,4.5
1702947776-45,Iced Teas,Tea,Iced Chai Tea Latte,"Black tea infused with cinnamon, clove, and other warming spices are combined with milk and ice for the perfect balance of sweet and spicy.","Milk, Ice, Chai Tea Concentrate [An Infusion Of (Water, Black Tea, Cardamom, Black Pepper, Ginger, Cinnamon, Cloves, Natural Flavours, Star Anise), Sugar, Honey, Ginger Juice, Natural Flavours, Vanilla, Citric Acid]",240,4 g,15 mg,110 mg,44 g,7 g,95 mg*,42 g,240,Grande  16 fl oz,4.5
1702947786-46,Iced Teas,Tea,Iced Pumpkin Cream Chai Tea Latte,"A rich and creamy Iced Chai Tea Latte--a blend of black tea infused with cinnamon, other warming spices and milk, topped with a sweet pumpkin cream cold foam and a dusting of pumpkin spice topping.","INGREDIENTS: MILK, ICE, PUMPKIN SPICE CREAM [VANILLA SWEET CREAM (CREAM (CREAM, MONO AND DIGLYCERIDES, CARAGEENAN), MILK, VANILLA SYRUP (SUGAR, WATER, NATURAL FLAVORS, POTASSIUM SORBATE, CITRIC ACID)), PUMPKIN SPICE SAUCE (SUGAR, CONDENSED SKIM MILK, PUMPKIN PUREE, CONTAINS 2% OR LESS OF FRUIT AND VEGETABLE JUICE FOR COLOR, NATURAL FLAVORS, ANNATTO, SALT, POTASSIUM SORBATE)], CHAI TEA CONCENTRATE [AN INFUSION OF (WATER, BLACK TEA, CARDAMOM, BLACK PEPPER, GINGER, CINNAMON, CLOVES, NATURAL FLAVORS, STAR ANISE), SUGAR, HONEY, GINGER JUICE, NATURAL FLAVORS, VANILLA, CITRIC ACID], PUMPKIN SPICE TOPPING [CINNAMON, GINGER, NUTMEG, AND CLOVES]",460,17 g,55 mg,160 mg,68 g,10 g,95 mg*,66 g,460,Grande  16 fl oz,4.5
1702947795-47,Iced Teas,Tea,Iced Gingerbread Oatmilk Chai,"Warm chai spices, creamy oatmilk and ice, topped with frothy oatmilk infused with gingerbread-flavored syrup and a spice topping to create a unique and festive feel-good moment.","OATMILK [OATMILK (WATER, OATS), CANOLA OIL, CONTAINS 2% OR LESS OF: DIPOTASSIUM PHOSPHATE, CALCIUM CARBONATE, TRICALCIUM PHOSPHATE, SEA SALT, DICALCIUM PHOSPHATE, RIBOFLAVIN, VITAMIN A, VITAMIN D2, VITAMIN B12], ICE, CHAI TEA CONCENTRATE [AN INFUSION OF (WATER, BLACK TEA, CARDAMOM, BLACK PEPPER, GINGER, CINNAMON, CLOVES, NATURAL FLAVORS, STAR ANISE), SUGAR, HONEY, GINGER JUICE, NATURAL FLAVORS, VANILLA, CITRIC ACID], GINGERBREAD FLAVORED SYRUP [WATER, SUGAR, NATURAL FLAVOR, CITRIC ACID, SODIUM BENZOATE (PRESERVATIVE)], PUMPKIN SPICE TOPPING [CINNAMON, GINGER, NUTMEG, AND CLOVES]",360,10 g,0 mg,125 mg,69 g,3 g,100 mg*,45 g,360,Grande  16 fl oz,4.5
1702947806-48,Iced Teas,Tea,Iced London Fog Tea Latte,"Bright, citrusy spark of bergamot blends with subtle hints of lavender and mixes with vanilla syrup, milk and ice to create this delicious reinvention of a classic Earl Grey tea.","Ice, Milk, An Infusion Of [Water, Black Tea, Bergamot Essence, Lavender Flowers], Vanilla Syrup [Sugar, Water, Natural Flavors, Potassium Sorbate, Citric Acid]",140,2.5 g,10 mg,70 mg,25 g,4 g,40 mg*,25 g,140,Grande  16 fl oz,4.5
1702947816-49,Iced Teas,Tea,Iced Royal English Breakfast Tea Latte,"A select blend of rich, full-leaf black teas from India and Sri Lanka sweetened with liquid cane sugar and combined with milk and ice.",Not available for this item,140,2.5 g,10 mg,70 mg,25 g,4 g,40 mg*,25 g,140,Grande  16 fl oz,4.5
1702947826-50,Iced Teas,Tea,Iced Black Tea Lemonade,"Premium black tea sweetened just right, then shaken with refreshing lemonade and ice for this Arnold Palmer-inspired beverage. A distinguished, satisfying treat.","ICE, LEMONADE [WATER, LEMON JUICE, SUGAR, LEMON OIL], AN INFUSION OF [WATER, A BLEND OF BLACK TEAS]",50,0 g,0 mg,10 mg,12 g,0 g,25 mg*,11 g,50,Grande  16 fl oz,4.5
1702947836-51,Iced Teas,Tea,Iced Black Tea,Premium black tea sweetened just right and shaken with ice to create an ideal iced tea—a rich and flavorful black tea journey awaits you.,"AN INFUSION OF [WATER, A BLEND OF BLACK TEAS], ICE.",0,0 g,0 mg,10 mg,0 g,0 g,25 mg*,0 g,0,Grande  16 fl oz,4.5
1702947854-52,Cold Coffees,Espresso,Iced Caffè Mocha,"Our rich, full-bodied espresso combined with bittersweet mocha sauce, milk and ice, then topped with sweetened whipped cream. The classic iced coffee drink that always sweetly satisfies.","ICE, MILK, MOCHA SAUCE [WATER, SUGAR, COCOA PROCESSED WITH ALKALI, NATURAL FLAVOR], BREWED ESPRESSO, WHIPPED CREAM [CREAM (CREAM, MONO AND DIGLYCERIDES, CARAGEENAN), VANILLA SYRUP (SUGAR, WATER, NATURAL FLAVORS, POTASSIUM SORBATE, CITRIC ACID)]",350,17 g,50 mg,100 mg,38 g,10 g,175 mg*,30 g,350,Grande  16 fl oz,4.5
1702947864-53,Cold Coffees,Espresso,Iced White Chocolate Mocha,"Our signature espresso meets white chocolate sauce, milk and ice, and then is finished off with sweetened whipped cream to create this supreme white chocolate delight.","ICE, MILK, WHITE CHOCOLATE MOCHA SAUCE [SUGAR, CONDENSED SKIM MILK, COCONUT OIL, COCOA BUTTER, NATURAL FLAVOR, SALT, POTASSIUM SORBATE, MONOGLYCERIDES], BREWED ESPRESSO, WHIPPED CREAM [CREAM (CREAM, MONO AND DIGLYCERIDES, CARAGEENAN), VANILLA SYRUP (SUGAR, WATER, NATURAL FLAVORS, POTASSIUM SORBATE, CITRIC ACID)]",420,20 g,55 mg,200 mg,49 g,11 g,150 mg*,48 g,420,Grande  16 fl oz,4.5
1702947875-54,Cold Coffees,Espresso,Iced Peppermint White Chocolate Mocha,"Our signature espresso meets a trio of white chocolate sauce, peppermint-flavored syrup and milk, served over ice and topped with whipped cream and dark-chocolate curls—a sweet, oh-so-delightfully merry treat.","ICE, MILK, WHITE CHOCOLATE MOCHA SAUCE [SUGAR, CONDENSED SKIM MILK, COCONUT OIL, COCOA BUTTER, NATURAL FLAVOR, SALT, POTASSIUM SORBATE, MONOGLYCERIDES], BREWED ESPRESSO, PEPPERMINT SYRUP [SUGAR, WATER, NATURAL FLAVOR, SODIUM BENZOATE, CITRIC ACID], WHIPPED CREAM [CREAM (CREAM, MONO AND DIGLYCERIDES, CARAGEENAN), VANILLA SYRUP (SUGAR, WATER, NATURAL FLAVORS, POTASSIUM SORBATE, CITRIC ACID)], DARK CHOCOLATE CURLS [SUGAR, CHOCOLATE MASS (PROCESSED WITH ALKALI), COCOA BUTTER, SOY LECITHIN, VANILLA EXTRACT, MILK]",490,19 g,50 mg,190 mg,69 g,10 g,150 mg*,68 g,490,Grande  16 fl oz,4.5
1702947887-55,Cold Coffees,Espresso Seasonal,Iced Peppermint Mocha,"Our festive all-star Peppermint Mocha brightens the holidays: signature Espresso Roast combines with milk and ice, sweet mocha sauce and peppermint-flavored syrup, topped with whipped cream and dark-chocolate curls.","ICE, MILK, MOCHA SAUCE [WATER, SUGAR, COCOA PROCESSED WITH ALKALI, NATURAL FLAVOR], BREWED ESPRESSO, PEPPERMINT SYRUP [SUGAR, WATER, NATURAL FLAVOR, SODIUM BENZOATE, CITRIC ACID], WHIPPED CREAM [CREAM (CREAM, MONO AND DIGLYCERIDES, CARAGEENAN), VANILLA SYRUP (SUGAR, WATER, NATURAL FLAVORS, POTASSIUM SORBATE, CITRIC ACID)], DARK CHOCOLATE CURLS [SUGAR, CHOCOLATE MASS (PROCESSED WITH ALKALI), COCOA BUTTER, SOY LECITHIN, VANILLA EXTRACT, MILK]",420,17 g,50 mg,90 mg,57 g,9 g,175 mg*,49 g,420,Grande  16 fl oz,4.5
1702947898-56,Cold Coffees,Espresso Seasonal,Iced Caramel Macchiato,"We combine our rich, full-bodied espresso with vanilla-flavored syrup, milk and ice, then top it off with a caramel drizzle for an oh-so-sweet finish.","Milk, Ice, Brewed Espresso, Vanilla Syrup [Sugar, Water, Natural Flavors, Potassium Sorbate, Citric Acid], Caramel Sauce [Sugar, Corn Syrup, Butter (Cream (Milk), Salt), Water, Heavy Cream, Nonfat Dry Milk, Natural Flavors, Salt, Mono & Diglycerides, Soy Lecithin, Sulfites]",250,7 g,25 mg,150 mg,37 g,10 g,150 mg*,34 g,250,Grande  16 fl oz,4.5
1702947909-57,Cold Coffees,Espresso Seasonal,Iced Apple Crisp Oatmilk Macchiato,"Layered flavors of apple, cinnamon, oats and brown sugar harmonize with AnyCoffee Blonde Espresso Roast, creamy oatmilk, ice and spiced apple drizzle to create a delicious apple crisp you can sip. A nostalgic autumn pick-me-up.","OATMILK [OATMILK (WATER, OATS), CANOLA OIL, CONTAINS 2% OR LESS OF: DIPOTASSIUM PHOSPHATE, CALCIUM CARBONATE, TRICALCIUM PHOSPHATE, SEA SALT, DICALCIUM PHOSPHATE, RIBOFLAVIN, VITAMIN A, VITAMIN D2, VITAMIN B12], ICE, BREWED ESPRESSO, APPLE BROWN SUGAR SYRUP [SUGARS (INVERT SUGAR, BROWN SUGAR), WATER, NATURAL FLAVORS, SALT, PRESERVATIVE: POTASSIUM SORBATE, MALIC ACID], SPICED APPLE DRIZZLE [SUGARS (CORN SYRUP, INVERT SUGAR, APPLE JUICE CONCENTRATE, SUGAR), WATER, CINNAMON, SALT, PRESERVATIVE: POTASSIUM SORBATE, CARAMELIZED SUGAR (FOR COLOR, WHEAT), MALIC ACID, NUTMEG]",310,9 g,0 mg,230 mg,58 g,3 g,170 mg*,34 g,310,Grande  16 fl oz,4.5
1702947928-58,Cold Coffees,Espresso,Iced AnyCoffee Blonde Vanilla Latte,"Seriously smooth and subtly sweet AnyCoffee Blonde Espresso, milk, ice and vanilla syrup come together to create a delightful twist on a beloved espresso classic.","ICE, MILK, BREWED ESPRESSO, VANILLA SYRUP [SUGAR, WATER, NATURAL FLAVORS, POTASSIUM SORBATE, CITRIC ACID]",190,4 g,15 mg,100 mg,30 g,7 g,170 mg*,28 g,190,Grande  16 fl oz,4.5
1702947940-59,Cold Coffees,Espresso,Iced Cinnamon Dolce Latte,"We add freshly steamed milk and cinnamon dolce-flavored syrup to our classic espresso and ice, topped with sweetened whipped cream and a cinnamon dolce topping to bring you specialness in a treat.","MILK, ICE, BREWED ESPRESSO, CINNAMON DOLCE SYRUP [SUGAR, WATER, NATURAL FLAVOR, CITRIC ACID, POTASSIUM SORBATE], WHIPPED CREAM [CREAM (CREAM, MONO AND DIGLYCERIDES, CARAGEENAN), VANILLA SYRUP (SUGAR, WATER, NATURAL FLAVORS, POTASSIUM SORBATE, CITRIC ACID)], CINNAMON DOLCE TOPPING [SUGAR, CINNAMON, SALT, EXTRACTIVES OF BUTTER (MILK), AND OTHER NATURAL FLAVOR]",300,13 g,45 mg,115 mg,38 g,8 g,150 mg*,35 g,300,Grande  16 fl oz,4.5
1702947952-60,Cold Coffees,Espresso,Iced Caffè Latte,"Our dark, rich espresso combined with milk and served over ice. A perfect milk-forward cooldown.","Milk, Ice, Brewed Espresso.",130,4.5 g,20 mg,115 mg,13 g,8 g,150 mg*,11 g,130,Grande  16 fl oz,4.5
1702947965-61,Cold Coffees,Espresso Seasonal,Iced Pumpkin Spice Latte,"Our signature espresso and milk—with the celebrated flavor combination of pumpkin, cinnamon, nutmeg and clove—served over ice. Enjoy it topped with whipped cream and real pumpkin-pie spices.","MILK, ICE, PUMPKIN SPICE SAUCE [SUGAR, CONDENSED SKIM MILK, PUMPKIN PUREE, CONTAINS 2% OR LESS OF FRUIT AND VEGETABLE JUICE FOR COLOR, NATURAL FLAVORS, ANNATTO, SALT, POTASSIUM SORBATE], BREWED ESPRESSO, WHIPPED CREAM [CREAM (CREAM, MONO AND DIGLYCERIDES, CARAGEENAN), VANILLA SYRUP (SUGAR, WATER, NATURAL FLAVORS, POTASSIUM SORBATE, CITRIC ACID)], PUMPKIN SPICE TOPPING [CINNAMON, GINGER, NUTMEG, CLOVE, SULFITING AGENTS]",370,16 g,55 mg,190 mg,47 g,11 g,150 mg*,45 g,370,Grande  16 fl oz,4.5
1702947977-62,Cold Coffees,Espresso Seasonal,Iced Chestnut Praline Latte,"We begin with our signature Espresso Roast, ice and milk, and then add flavors of caramelized chestnuts and spices—all topped with a holiday finale of whipped cream and specially spiced praline crumbs.","ICE, MILK, BREWED ESPRESSO, CHESTNUT PRALINE SYRUP [SUGAR, WATER, NATURAL FLAVOR, CITRIC ACID, PRESERVATIVE: POTASSIUM SORBATE], WHIPPED CREAM [CREAM (CREAM, MONO AND DIGLYCERIDES, CARAGEENAN), VANILLA SYRUP (SUGAR, WATER, NATURAL FLAVORS, POTASSIUM SORBATE, CITRIC ACID)], CHESTNUT PRALINE TOPPING [SPICED SUGAR (SUGAR, CINNAMON, GINGER, CLOVE), TOFFEE SUGAR (SUGAR, VEGETABLE COLORS (PUMPKIN, APPLE, PURPLE CARROT, HIBISCUS), NATURAL FLAVORS, SALT, ANNATTO, BAKING SODA)]",320,16 g,55 mg,110 mg,37 g,8 g,150 mg*,34 g,320,Grande  16 fl oz,4.5
1702947989-63,Cold Coffees,Espresso Seasonal,Iced Caramel Brulée Latte,"Our signature espresso, milk, ice and rich caramel brulée sauce finished with whipped cream and a supreme topping of even more caramel brulée bits.","ICE, MILK, CARAMEL BRULEE SAUCE [SUGARS (INVERT SUGAR, SUGAR, FRUCTOSE), WATER, SKIM MILK POWDER, NATURAL FLAVOR, SALT, PRESERVATIVE: POTASSIUM SORBATE, SODIUM BICARBONATE], BREWED ESPRESSO, WHIPPED CREAM [CREAM (CREAM, MONO AND DIGLYCERIDES, CARAGEENAN), VANILLA SYRUP (SUGAR, WATER, NATURAL FLAVORS, POTASSIUM SORBATE, CITRIC ACID)], CARAMEL BRULEE TOPPING [SUGAR, CORN SYRUP, NATURAL FLAVOR, FRUIT AND VEGETABLE COLORS (APPLE, PURPLE CARROT, HIBISCUS)]",400,16 g,55 mg,290 mg,56 g,8 g,150 mg*,44 g,400,Grande  16 fl oz,4.5
1702948002-64,Cold Coffees,Espresso Seasonal,Iced Sugar Cookie Almondmilk Latte,"Sugar cookie-flavored syrup combined with AnyCoffee Blonde Espresso Roast and almondmilk over ice, topped with red and green sprinkles.","ALMONDMILK [FILTERED WATER, ALMONDS, SUGAR, CALCIUM CARBONATE, SUNFLOWER LECITHIN, SEA SALT, XANTHAN GUM, GUAR GUM, VITAMIN A PALMITATE, VITAMIN D2 (ERGOCALCIFEROL)], ICE, BREWED ESPRESSO, SUGAR COOKIE FLAVORED SYRUP [SUGAR, WATER, NATURAL FLAVOR, PRESERVATIVE: POTASSIUM SORBATE, SALT, CITRIC ACID], RED & GREEN SPRINKLES TOPPING [SUGARS (SUGAR, POWDERED SUGAR (SUGAR, CORN STARCH)), CORN STARCH, NATURAL FLAVOR, VEGETABLE JUICE FOR COLOR (PURPLE SWEET POTATO, SPIRULINA), CARNAUBA WAX, RIBOFLAVIN FOR COLOR, TURMERIC AND BETA CAROTENE FOR COLOR, PALM OIL]",150,3.5 g,0 mg,115 mg,29 g,2 g,170 mg*,25 g,150,Grande  16 fl oz,4.5
1702948017-65,Cold Coffees,Espresso Seasonal,Iced Gingerbread Latte,"Sweet and deliciously spicy gingerbread flavors mingle—with our AnyCoffee Blonde Espresso and milk, topped with whipped cream, nutmeg and spice blend—for the perfect holiday touch, served over ice.","MILK, ICE, BREWED ESPRESSO, GINGERBREAD FLAVORED SYRUP [WATER, SUGAR, NATURAL FLAVOR, CITRIC ACID, SODIUM BENZOATE (PRESERVATIVE)], WHIPPED CREAM [CREAM (CREAM, MONO AND DIGLYCERIDES, CARRAGEENAN), VANILLA SYRUP (SUGAR, WATER, NATURAL FLAVORS, POTASSIUM SORBATE, CITRIC ACID)], PUMPKIN SPICE TOPPING [CINNAMON, GINGER, NUTMEG, AND CLOVES]",300,16 g,55 mg,120 mg,30 g,9 g,170 mg*,28 g,300,Grande  16 fl oz,4.5
1702948035-66,Cold Coffees,Espresso,Iced Honey Almondmilk Flat White,"This iced flat white—intentionally made with almondmilk and AnyCoffee Blonde Espresso Roast poured over ice with a hint of honey—creates a perfect amount of cool, creamy, nutty sweetness.","ALMONDMILK [FILTERED WATER, ALMONDS, SUGAR, CALCIUM CARBONATE, SUNFLOWER LECITHIN, SEA SALT, XANTHAN GUM, GUAR GUM, VITAMIN A PALMITATE, VITAMIN D2 (ERGOCALCIFEROL)], ICE, BREWED ESPRESSO, HONEY BLEND [HONEY, WATER, NATURAL FLAVORS, POTASSIUM SORBATE, XANTHAN GUM, CITRIC ACID]",100,2.5 g,0 mg,70 mg,20 g,1 g,150 mg*,17 g,100,Tall  12 fl oz,4.5
1702948050-67,Cold Coffees,Espresso,Iced Flat White,"Smooth ristretto shots of espresso get the perfect amount of whole milk and ice to create a not-too-strong, not-too-creamy, just-right flavor.",Not available for this item,150,8 g,25 mg,110 mg,13 g,8 g,130 mg*,11 g,150,Grande  16 fl oz,4.5
1702948064-68,Cold Coffees,Espresso,Iced Shaken Espresso,"Made with the rich, full-bodied espresso you love—then shaken, chilled and mellowed with sweetness and a touch of milk to create a delightfully and deliciously convenient on-the-go drink.","ICE, MILK, BREWED ESPRESSO, CLASSIC SYRUP [SUGAR, WATER, NATURAL FLAVORS, POTASSIUM SORBATE, CITRIC ACID]",100,2 g,5 mg,50 mg,17 g,4 g,225 mg*,14 g,100,Grande  16 fl oz,4.5
1702948079-69,Cold Coffees,Espresso,Iced Brown Sugar Oatmilk Shaken Espresso,"First we shake AnyCoffee Blonde espresso, brown sugar and cinnamon together, and then top it off with oatmilk and ice for a cool lift to power you through your day.","ICE, OATMILK [OATMILK (WATER, OATS), CANOLA OIL, CONTAINS 2% OR LESS OF: DIPOTASSIUM PHOSPHATE, CALCIUM CARBONATE, TRICALCIUM PHOSPHATE, SEA SALT, DICALCIUM PHOSPHATE, RIBOFLAVIN, VITAMIN A, VITAMIN D2, VITAMIN B12], BREWED ESPRESSO, BROWN SUGAR SYRUP [INVERT SUGAR, BROWN SUGAR, WATER, NATURAL FLAVOR, SALT, PRESERVATIVE: POTASSIUM SORBATE], CINNAMON.",120,3 g,0 mg,115 mg,22 g,2 g,255 mg*,12 g,120,Grande  16 fl oz,4.5
1702948094-70,Cold Coffees,Espresso,Iced Toasted Vanilla Oatmilk Shaken Espresso,AnyCoffee Blonde espresso combined with notes of caramelized vanilla shaken together and topped with oatmilk for an energizing treat to boost your day.,"ICE, OATMILK [OATMILK (WATER, OATS), CANOLA OIL, CONTAINS 2% OR LESS OF: DIPOTASSIUM PHOSPHATE, CALCIUM CARBONATE, TRICALCIUM PHOSPHATE, SEA SALT, DICALCIUM PHOSPHATE, RIBOFLAVIN, VITAMIN A, VITAMIN D2, VITAMIN B12], BREWED ESPRESSO, TOASTED VANILLA FLAVORED SYRUP [SUGAR, WATER, NATURAL FLAVORS, PRESERVATIVE: POTASSIUM SORBATE, CITRIC ACID]",140,4.5 g,0 mg,60 mg,23 g,2 g,255 mg*,11 g,140,Grande  16 fl oz,4.5
1702948117-71,Cold Coffees,Espresso Seasonal,Oleato Iced Shaken Espresso with Oatmilk and Toffeenut,"Layers of flavor — coffee forward and lightly sweetened with
notes of toasted nuts, rich espresso, and creamy oatmilk infused
with Partanna extra virgin olive oil.","OATMILK [OATMILK (WATER, OATS), CANOLA OIL, CONTAINS 2% OR LESS OF: DIPOTASSIUM PHOSPHATE, CALCIUM CARBONATE, TRICALCIUM PHOSPHATE, SEA SALT, DICALCIUM PHOSPHATE, RIBOFLAVIN, VITAMIN A, VITAMIN D2, VITAMIN B12], BREWED ESPRESSO, EXTRA VIRGIN OLIVE OIL.",250,17 g,0 mg,125 mg,24 g,2 g,255 mg*,12 g,250,Grande  16 fl oz,4.5
1702948133-72,Cold Coffees,Espresso Seasonal,Iced Apple Crisp Oatmilk Shaken Espresso,"AnyCoffee Blonde espresso combined with notes of apple, cinnamon and brown sugar shaken together to blend the flavors and topped with oatmilk for a perfectly balanced flavor and energizing fall treat.","INGREDIENTS: ICE, OATMILK [OATMILK (WATER, OATS), CANOLA OIL, CONTAINS 2% OR LESS OF: DIPOTASSIUM PHOSPHATE, CALCIUM CARBONATE, TRICALCIUM PHOSPHATE, SEA SALT, DICALCIUM PHOSPHATE, RIBOFLAVIN, VITAMIN A, VITAMIN D2, VITAMIN B12], BREWED ESPRESSO, APPLE BROWN SUGAR SYRUP [SUGARS (INVERT SUGAR, BROWN SUGAR), WATER, NATURAL FLAVORS, SALT, PRESERVATIVE: POTASSIUM SORBATE, MALIC ACID]",180,4.5 g,0 mg,190 mg,34 g,2 g,255 mg*,21 g,180,Grande  16 fl oz,4.5
1702948148-73,Cold Coffees,Espresso,Iced Espresso,"Our smooth signature Espresso Roast over ice boasts rich, robust flavor and caramelly sweetness. A recipe of perfection at the heart of every handcrafted espresso we serve.",Not available for this item,10,0 g,0 mg,0 mg,2 g,1 g,150 mg*,0 g,10,Doppio  1.5 fl oz,4.5
1702948165-74,Cold Coffees,Espresso,Iced Coffee with Milk,"Freshly brewed AnyCoffee Iced Coffee Blend with milk served chilled and sweetened over ice. An absolutely, seriously, refreshingly lift to any day.","Ice, Brewed Coffee, Milk, Classic Syrup [Sugar, Water, Natural Flavors, Potassium Sorbate, Citric Acid]",110,1.5 g,5 mg,40 mg,23 g,2 g,125 mg*,23 g,110,Grande  16 fl oz,4.5
1702948193-75,Cold Coffees,Drip Brew,Iced Coffee,"Freshly brewed AnyCoffee Iced Coffee Blend served chilled and sweetened over ice. An absolutely, seriously, refreshingly lift to any day.","Ice, Brewed Coffee, Classic Syrup [Sugar, Water, Natural Flavors, Potassium Sorbate, Citric Acid]",80,0 g,0 mg,10 mg,20 g,0 g,165 mg*,20 g,80,Grande  16 fl oz,4.5
1702948209-76,Cold Coffees,Espresso,Iced Caffè Americano,"Espresso shots topped with cold water produce a light layer of crema, then served over ice. The result: a wonderfully rich cup with depth and nuance. 
Pro Tip: For an additional boost, ask your barista to try this with an extra shot.","Ice, Water, Brewed Espresso.",15,0 g,0 mg,15 mg,2 g,1 g,225 mg*,0 g,15,Grande  16 fl oz,4.5
1702948227-77,Cold Coffees,Nitro,Vanilla Sweet Cream Nitro Cold Brew,"Served cold, straight from the tap, our Nitro Cold Brew is topped with a float of house-made vanilla sweet cream. The result: a cascade of velvety coffee more sippable than ever.","BREWED COFFEE, VANILLA SWEET CREAM [CREAM (CREAM, MONO AND DIGLYCERIDES, CARAGEENAN), MILK, VANILLA SYRUP (SUGAR, WATER, NATURAL FLAVORS, POTASSIUM SORBATE, CITRIC ACID)]",70,5 g,15 mg,20 mg,4 g,1 g,265 mg*,4 g,70,Grande  16 fl oz,4.5
1702948232-78,Cold Coffees,Nitro,Nitro Cold Brew,"Our small-batch cold brew—slow-steeped for a super-smooth taste—gets even better. We're infusing it with nitrogen to create a sweet flavor without sugar and cascading, velvety crema. Perfection is served.",Brewed Coffee.,5,0 g,0 mg,10 mg,0 g,0 g,280 mg*,0 g,5,Grande  16 fl oz,4.5
1702948249-79,Cold Coffees,Nitro,Cinnamon Caramel Cream Nitro Cold Brew,AnyCoffee Nitro Cold Brew is sweetened with Cinnamon Caramel Syrup and topped with a cinnamon caramel cold foam and a dusting of cinnamon dolce topping for a special treat.,"BREWED COFFEE, CINNAMON SWEET CREAM [VANILLA SWEET CREAM (CREAM (CREAM, MONO AND DIGLYCERIDES, CARAGEENAN), MILK, VANILLA SYRUP (SUGAR, WATER, NATURAL FLAVORS, POTASSIUM SORBATE, CITRIC ACID)), CINNAMON CARAMEL FLAVORED SYRUP (SUGARS (INVERT SUGAR, BROWN SUGAR), WATER, NATURAL FLAVOR, SALT, PRESERVATIVE: POTASSIUM SORBATE, CITRIC ACID, XANTHAN GUM)], CINNAMON CARAMEL FLAVORED SYRUP [SUGARS (INVERT SUGAR, BROWN SUGAR), WATER, NATURAL FLAVOR, SALT, PRESERVATIVE: POTASSIUM SORBATE, CITRIC ACID, XANTHAN GUM], CINNAMON DOLCE TOPPING [SUGAR, CINNAMON, SALT, EXTRACTIVES OF BUTTER (MILK), AND OTHER NATURAL FLAVOR]",260,13 g,40 mg,125 mg,34 g,2 g,265 mg*,33 g,260,Grande  16 fl oz,4.5
1702948267-80,Cold Coffees,Drip Brew,AnyCoffee Cold Brew Coffee with Milk,"Handcrafted in small batches daily, slow-steeped in cool water for 20 hours, without touching heat and finished with a splash of milk—AnyCoffee Cold Brew is made from our custom blend of beans grown to steep long and cold for a super-smooth flavor.","Brewed Coffee, Ice, Milk.",35,1.5 g,5 mg,40 mg,3 g,2 g,205 mg*,3 g,35,Grande  16 fl oz,4.5
1702948285-81,Cold Coffees,Drip Brew,Vanilla Sweet Cream Cold Brew,Our slow-steeped custom blend of AnyCoffee Cold Brew coffee accented with vanilla and topped with a delicate float of house-made vanilla sweet cream that cascades throughout the cup. It's over-the-top and super-smooth.,"Ice, Brewed Coffee, Vanilla Sweet Cream [Cream (Cream, Mono And Diglycerides, Carageenan), Milk, Vanilla Syrup (Sugar, Water, Natural Flavors, Potassium Sorbate, Citric Acid)], Vanilla Syrup [Sugar, Water, Natural Flavors, Potassium Sorbate, Citric Acid]",110,5 g,15 mg,20 mg,14 g,1 g,185 mg*,14 g,110,Grande  16 fl oz,4.5
1702948304-82,Cold Coffees,Drip Brew,AnyCoffee Cold Brew Coffee,"Handcrafted in small batches daily, slow-steeped in cool water for 20 hours, without touching heat—AnyCoffee Cold Brew is made from our custom blend of beans grown to steep long and cold for a super-smooth flavor.","Brewed Coffee, Ice.",5,0 g,0 mg,15 mg,0 g,0 g,205 mg*,0 g,5,Grande  16 fl oz,4.5
1702948308-83,Cold Coffees,Drip Brew,AnyCoffee Reserve Cold Brew,"Our AnyCoffee Reserve Cold Brew—a nuanced, smooth cup of coffee, perfect over ice—is extraordinarily uplifting in a bold form.",Not available for this item,5,0 g,0 mg,15 mg,0 g,0 g,200 mg*,0 g,5,Grande  16 fl oz,4.5
1702948328-84,Cold Coffees,Drip Brew,Salted Caramel Cream Cold Brew,,"ICE, BREWED COFFEE, SALTED CARAMEL CREAM [VANILLA SWEET CREAM (CREAM (CREAM, MONO AND DIGLYCERIDES, CARAGEENAN), MILK, VANILLA SYRUP (SUGAR, WATER, NATURAL FLAVORS, POTASSIUM SORBATE, CITRIC ACID)), CARAMEL SYRUP (SUGAR, WATER, NATURAL FLAVOR, CITRIC ACID, POTASSIUM SORBATE), SALT], VANILLA SYRUP [SUGAR, WATER, NATURAL FLAVORS, POTASSIUM SORBATE, CITRIC ACID]",240,14 g,45 mg,350 mg,26 g,2 g,185 mg*,26 g,,Grande  16 fl oz,4.5
1702948346-85,Cold Coffees,Drip Brew,Chocolate Cream Cold Brew,"AnyCoffee Cold Brew sweetened with vanilla syrup and topped with a silky, chocolaty cream cold foam.","ICE, BREWED COFFEE, CHOCOLATE CREAM [VANILLA SWEET CREAM (CREAM (CREAM, MONO AND DIGLYCERIDES, CARAGEENAN), MILK, VANILLA SYRUP (SUGAR, WATER, NATURAL FLAVORS, POTASSIUM SORBATE, CITRIC ACID)), CHOCOLATE MALT POWDER (CANE SUGAR, COCOA POWDER PROCESSED WITH ALKALI, NATURAL MALT FLAVOR (FROM BARLEY), NATURAL FLAVORS, SUNFLOWER OIL)], VANILLA SYRUP [SUGAR, WATER, NATURAL FLAVORS, POTASSIUM SORBATE, CITRIC ACID]",250,14 g,45 mg,35 mg,29 g,2 g,185 mg*,28 g,250,Grande  16 fl oz,4.5
1702948364-86,Cold Coffees,Drip Brew,Cinnamon Caramel Cream Cold Brew,AnyCoffee Cold Brew is sweetened with Cinnamon Caramel Syrup and topped with a cinnamon caramel cold foam and a dusting of cinnamon dolce topping for a special treat.,"ICE, BREWED COFFEE, CINNAMON SWEET CREAM [VANILLA SWEET CREAM (CREAM (CREAM, MONO AND DIGLYCERIDES, CARAGEENAN), MILK, VANILLA SYRUP (SUGAR, WATER, NATURAL FLAVORS, POTASSIUM SORBATE, CITRIC ACID)), CINNAMON CARAMEL FLAVORED SYRUP (SUGARS (INVERT SUGAR, BROWN SUGAR), WATER, NATURAL FLAVOR, SALT, PRESERVATIVE: POTASSIUM SORBATE, CITRIC ACID, XANTHAN GUM)], CINNAMON CARAMEL FLAVORED SYRUP [SUGARS (INVERT SUGAR, BROWN SUGAR), WATER, NATURAL FLAVOR, SALT, PRESERVATIVE: POTASSIUM SORBATE, CITRIC ACID, XANTHAN GUM], CINNAMON DOLCE TOPPING [SUGAR, CINNAMON, SALT, EXTRACTIVES OF BUTTER (MILK), AND OTHER NATURAL FLAVOR]",250,12 g,40 mg,125 mg,33 g,2 g,185 mg*,32 g,250,Grande  16 fl oz,4.5
1702948383-87,Cold Coffees,Drip Brew,Oleato Golden Foam Cold Brew,"Cold foam contrasts with dark, smooth cold brew, yielding an
inviting aroma with lush Partanna infused cold foam.","WATER, BREWED COFFEE, VANILLA SYRUP [SUGAR, WATER, NATURAL FLAVORS, POTASSIUM SORBATE, CITRIC ACID], CREAM CREAM, MONO AND DIGLYCERIDES, CARRAGEENAN, MILK, Extra Virgin Olive Oil - Arrezzio.",310,25 g,45 mg,30 mg,21 g,2 g,185 mg*,21 g,310,Grande  16 fl oz,4.5
1702948388-88,Cold Coffees,Drip Brew,Pumpkin Cream Cold Brew,AnyCoffee Cold Brew sweetened with vanilla syrup and topped with pumpkin cream cold foam and a dusting of pumpkin-spice topping.,"ICE, BREWED COFFEE, PUMPKIN CREAM [VANILLA SWEET CREAM (CREAM (CREAM, MONO AND DIGLYCERIDES, CARAGEENAN), MILK, VANILLA SYRUP (SUGAR, WATER, NATURAL FLAVORS, POTASSIUM SORBATE, CITRIC ACID)), PUMPKIN SPICE SAUCE (SUGAR, CONDENSED SKIM MILK, PUMPKIN PUREE, CONTAINS 2% OR LESS OF FRUIT AND VEGETABLE JUICE FOR COLOR, NATURAL FLAVORS, ANNATTO, SALT, POTASSIUM SORBATE)], VANILLA SYRUP [SUGAR, WATER, NATURAL FLAVORS, POTASSIUM SORBATE, CITRIC ACID], PUMPKIN SPICE TOPPING [CINNAMON, GINGER, NUTMEG, AND CLOVES]",250,12 g,40 mg,55 mg,31 g,3 g,185 mg*,31 g,250,Grande  16 fl oz,4.5
1702948423-89,Frappuccino Blended Beverages,Frappuccino,White Chocolate Crème Frappuccino Blended Beverage,"A smooth blend of white chocolate sauce, milk and ice topped with whipped cream for a remarkable flavor that surprisingly wows.","ICE, MILK, CREME FRAPPUCCINO SYRUP [SUGAR, WATER, NATURAL FLAVOR, SALT, XANTHAN GUM, POTASSIUM SORBATE, CITRIC ACID], WHIPPED CREAM [CREAM (CREAM, MONO AND DIGLYCERIDES, CARAGEENAN), VANILLA SYRUP (SUGAR, WATER, NATURAL FLAVORS, POTASSIUM SORBATE, CITRIC ACID)], WHITE CHOCOLATE MOCHA SAUCE [SUGAR, CONDENSED SKIM MILK, COCONUT OIL, COCOA BUTTER, NATURAL FLAVOR, SALT, POTASSIUM SORBATE, MONOGLYCERIDES]",380,18 g,50 mg,280 mg,49 g,6 g,0 mg*,49 g,380,Grande  16 fl oz,4.5
1702948443-90,Frappuccino Blended Beverages,Frappuccino,Vanilla Bean Crème Frappuccino Blended Crème,"This rich and creamy blend of vanilla bean, milk and ice topped with whipped cream takes va-va-vanilla flavor to another level. To change things up, try it affogato-style with a hot espresso shot poured right over the top.","ICE, MILK, CRÈME FRAPPUCCINO SYRUP [SUGAR, WATER, NATURAL FLAVOR, SALT, XANTHAN GUM, POTASSIUM SORBATE, CITRIC ACID], WHIPPED CREAM [CREAM (CREAM, MONO AND DIGLYCERIDES, CARAGEENAN), VANILLA SYRUP (SUGAR, WATER, NATURAL FLAVORS, POTASSIUM SORBATE, CITRIC ACID)], VANILLA BEAN POWDER [SUGAR, NATURAL FLAVOR, VANILLA BEAN PIECES]",380,16 g,50 mg,250 mg,53 g,5 g,0 mg*,52 g,380,Grande  16 fl oz,4.5
1702948461-91,Frappuccino Blended Beverages,Frappuccino,Matcha Crème Frappuccino Blended Beverage,"This blend of sweetened premium matcha green tea, milk and ice—topped off with sweetened whipped cream—inspires a delicious boost and good green vibes.","ICE, MILK, CREME FRAPPUCCINO SYRUP [SUGAR, WATER, NATURAL FLAVOR, SALT, XANTHAN GUM, POTASSIUM SORBATE, CITRIC ACID], WHIPPED CREAM [CREAM (CREAM, MONO AND DIGLYCERIDES, CARAGEENAN), VANILLA SYRUP (SUGAR, WATER, NATURAL FLAVORS, POTASSIUM SORBATE, CITRIC ACID)], CLASSIC SYRUP [SUGAR, WATER, NATURAL FLAVORS, POTASSIUM SORBATE, CITRIC ACID], MATCHA TEA BLEND [SUGAR, GROUND JAPANESE GREEN TEA]",420,16 g,50 mg,240 mg,62 g,6 g,70 mg*,61 g,420,Grande  16 fl oz,4.5
1702948481-92,Frappuccino Blended Beverages,Frappuccino,Double Chocolaty Chip Crème Frappuccino Blended Beverage,"Rich mocha-flavored sauce meets up with chocolaty chips, milk and ice for a blender bash. Top it off with sweetened whipped cream and mocha drizzle for a real party in your mouth.","ICE, MILK, CREME FRAPPUCCINO SYRUP [SUGAR, WATER, NATURAL FLAVOR, SALT, XANTHAN GUM, POTASSIUM SORBATE, CITRIC ACID], WHIPPED CREAM [CREAM (CREAM, MONO AND DIGLYCERIDES, CARAGEENAN), VANILLA SYRUP (SUGAR, WATER, NATURAL FLAVORS, POTASSIUM SORBATE, CITRIC ACID)], MOCHA SAUCE [WATER, SUGAR, COCOA PROCESSED WITH ALKALI, NATURAL FLAVOR], FRAPPUCCINO CHIPS [CONFECTIONERY COATING (SUGAR, PALM KERNEL AND PALM OILS, COCOA PROCESSED WITH ALKALI, SOY LECITHIN, VANILLA, MILK), COCOA (PROCESSED WITH ALKALI, 9%), COOKIE CRUMBS (UNBLEACHED UNENRICHED WHEAT FLOUR, SUGAR, PALM AND PALM KERNEL OIL, COCOA PROCESSED WITH ALKALI, CHOCOLATE MASS, SALT, SODIUM BICARBONATE, SOY LECITHIN, NATURAL FLAVOR), CHOCOLATE MASS (2%), AND SALT]",410,20 g,50 mg,270 mg,51 g,7 g,15 mg*,47 g,410,Grande  16 fl oz,4.5
1702948505-93,Frappuccino Blended Beverages,Frappuccino,Chai Crème Frappuccino,"A creamy blend of spicy classic chai, milk and ice. Topped with sweetened whipped cream and a dash of cinnamon. Spice up your afternoon treat.","ICE, MILK, CREME FRAPPUCCINO SYRUP [SUGAR, WATER, NATURAL FLAVOR, SALT, XANTHAN GUM, POTASSIUM SORBATE, CITRIC ACID], CHAI TEA CONCENTRATE [AN INFUSION OF (WATER, BLACK TEA, CARDAMOM, BLACK PEPPER, GINGER, CINNAMON, CLOVES, NATURAL FLAVORS, STAR ANISE), SUGAR, HONEY, GINGER JUICE, NATURAL FLAVORS, VANILLA, CITRIC ACID], WHIPPED CREAM [CREAM (CREAM, MONO AND DIGLYCERIDES, CARAGEENAN), VANILLA SYRUP (SUGAR, WATER, NATURAL FLAVORS, POTASSIUM SORBATE, CITRIC ACID)], CINNAMON.",340,16 g,50 mg,230 mg,46 g,5 g,40 mg*,45 g,340,Grande  16 fl oz,4.5
1702948542-94,Frappuccino Blended Beverages,Frappuccino,Strawberry Crème Frappuccino Blended Beverage,"Summer's favorite berry is the star of this delicious Frappuccino Blended Beverage—a blend of ice, milk and strawberry puree layered on top of a splash of strawberry puree and finished with vanilla whipped cream.","ICE, MILK, CRÈME FRAPPUCCINO SYRUP [SUGAR, WATER, NATURAL FLAVOR, SALT, XANTHAN GUM, POTASSIUM SORBATE, CITRIC ACID], STRAWBERRY PUREE SAUCE [STRAWBERRY PUREE, WHITE GRAPE JUICE CONCENTRATE, WATER, FRUIT AND VEGETABLE JUICE FOR COLOR, NATURAL FLAVORS, XANTHAN GUM, CITRIC ACID], WHIPPED CREAM [CREAM (CREAM, MONO AND DIGLYCERIDES, CARAGEENAN), VANILLA SYRUP (SUGAR, WATER, NATURAL FLAVORS, POTASSIUM SORBATE, CITRIC ACID)], CLASSIC SYRUP [SUGAR, WATER, NATURAL FLAVORS, POTASSIUM SORBATE, CITRIC ACID]",370,16 g,50 mg,240 mg,51 g,5 g,0 mg*,51 g,370,Grande  16 fl oz,4.5
1702948547-95,Frappuccino Blended Beverages,Frappuccino,Caramel Ribbon Crunch Crème Frappuccino Blended Beverage,"Buttery caramel syrup is blended with milk and ice, then topped with a layer of dark caramel sauce, whipped cream, caramel drizzle and a crunchy caramel-sugar topping—oh-so-beautifully delicious.","ICE, MILK, CRÈME FRAPPUCCINO SYRUP [SUGAR, WATER, NATURAL FLAVOR, SALT, XANTHAN GUM, POTASSIUM SORBATE, CITRIC ACID], WHIPPED CREAM [CREAM (CREAM, MONO AND DIGLYCERIDES, CARAGEENAN), VANILLA SYRUP (SUGAR, WATER, NATURAL FLAVORS, POTASSIUM SORBATE, CITRIC ACID)], DARK CARAMEL SAUCE [CORN SYRUP, SWEETENED CONDENSED MILK (MILK, SUGAR), WATER, SUGAR, NATURAL FLAVORS, BUTTER (CREAM, SALT), SALT, SUNFLOWER LECITHIN, POTASSIUM SORBATE], CARAMEL SAUCE [SUGAR, CORN SYRUP, BUTTER (CREAM (MILK), SALT), WATER, HEAVY CREAM, NONFAT DRY MILK, NATURAL FLAVORS, SALT, MONO & DIGLYCERIDES, SOY LECITHIN, SULFITES], CARAMEL SUGAR TOPPING [CANE SUGAR, NATURAL FLAVORS, VEGETABLE COLORS (PUMPKIN, APPLE, PURPLE CARROT, HIBISCUS), SALT, ANNATTO, BAKING SODA]",420,22 g,70 mg,280 mg,50 g,5 g,0 mg*,46 g,420,Grande  16 fl oz,4.5
1702948566-96,Frappuccino Blended Beverages,Frappuccino,Chocolate Cookie Crumble Crème Frappuccino,"Mocha sauce and Frappuccino chips are blended with milk and ice, layered on top of whipped cream and chocolate cookie crumble and topped with vanilla whipped cream, mocha drizzle and even more chocolate cookie crumble. These layers ensure each sip is as good as the last; all the way to the end.","ICE, MILK, CRÈME FRAPPUCCINO SYRUP [SUGAR, WATER, NATURAL FLAVOR, SALT, XANTHAN GUM, POTASSIUM SORBATE, CITRIC ACID], WHIPPED CREAM [CREAM (CREAM, MONO AND DIGLYCERIDES, CARAGEENAN), VANILLA SYRUP (SUGAR, WATER, NATURAL FLAVORS, POTASSIUM SORBATE, CITRIC ACID)], MOCHA SAUCE [WATER, SUGAR, COCOA PROCESSED WITH ALKALI, NATURAL FLAVOR], FRAPPUCCINO CHIPS [CONFECTIONERY COATING (SUGAR, PALM KERNEL AND PALM OILS, COCOA PROCESSED WITH ALKALI, SOY LECITHIN, VANILLA, MILK), COCOA (PROCESSED WITH ALKALI, 9%), COOKIE CRUMBS (UNBLEACHED UNENRICHED WHEAT FLOUR, SUGAR, PALM AND PALM KERNEL OIL, COCOA PROCESSED WITH ALKALI, CHOCOLATE MASS, SALT, SODIUM BICARBONATE, SOY LECITHIN, NATURAL FLAVOR), CHOCOLATE MASS (2%), AND SALT], CHOCOLATE COOKIE GRIND TOPPING [SUGAR, ENRICHED FLOUR (WHEAT FLOUR, NIACIN, REDUCED IRON, THIAMINE MONONITRATE, RIBOFLAVIN, FOLIC ACID), PALM AND PALM KERNEL OIL, COCOA PROCESSED WITH ALKALI, SALT, SODIUM BICARBONATE, SOY LECITHIN, NATURAL FLAVOR]",460,25 g,65 mg,290 mg,52 g,7 g,15 mg*,46 g,460,Grande  16 fl oz,4.5
1702948590-97,Frappuccino Blended Beverages,Frappuccino Seasonal,Peppermint White Chocolate Crème Frappuccino Blended Beverage,"This all-about-the-flavors sip delivers a delectable blend of white chocolaty-pepperminty perfection—milk, ice, white chocolate mocha sauce and peppermint-flavored syrup swirled together, topped with whipped cream and dark-chocolate curls.","ICE, MILK, CRИME FRAPPUCCINO SYRUP [SUGAR, WATER, NATURAL FLAVOR, SALT, XANTHAN GUM, POTASSIUM SORBATE, CITRIC ACID], WHIPPED CREAM [CREAM (CREAM, MONO AND DIGLYCERIDES, CARAGEENAN), VANILLA SYRUP (SUGAR, WATER, NATURAL FLAVORS, POTASSIUM SORBATE, CITRIC ACID)], WHITE CHOCOLATE MOCHA SAUCE [SUGAR, CONDENSED SKIM MILK, COCONUT OIL, COCOA BUTTER, NATURAL FLAVOR, SALT, POTASSIUM SORBATE, MONOGLYCERIDES], PEPPERMINT SYRUP [SUGAR, WATER, NATURAL FLAVOR, SODIUM BENZOATE, CITRIC ACID]",420,18 g,50 mg,280 mg,58 g,7 g,0 mg*,58 g,420,Grande  16 fl oz,4.5
1702948613-98,Frappuccino Blended Beverages,Frappuccino Seasonal,Peppermint Mocha Crème Frappuccino Blended Beverage,"This all-about-the-flavors sip delivers a delectable blend of chocolaty-pepperminty perfection—milk, ice, mocha sauce and peppermint-flavored syrup swirled together, topped with whipped cream and dark-chocolate curls.","ICE, MILK, CRИME FRAPPUCCINO SYRUP [SUGAR, WATER, NATURAL FLAVOR, SALT, XANTHAN GUM, POTASSIUM SORBATE, CITRIC ACID], WHIPPED CREAM [CREAM (CREAM, MONO AND DIGLYCERIDES, CARAGEENAN), VANILLA SYRUP (SUGAR, WATER, NATURAL FLAVORS, POTASSIUM SORBATE, CITRIC ACID)], MOCHA SAUCE [WATER, SUGAR, COCOA PROCESSED WITH ALKALI, NATURAL FLAVOR], PEPPERMINT SYRUP [SUGAR, WATER, NATURAL FLAVOR, SODIUM BENZOATE, CITRIC ACID], DARK CHOCOLATE CURLS [SUGAR, CHOCOLATE MASS (PROCESSED WITH ALKALI), COCOA BUTTER, SOY LECITHIN, VANILLA EXTRACT, MILK]",390,18 g,50 mg,250 mg,53 g,6 g,10 mg*,50 g,390,Grande  16 fl oz,4.5
1702948636-99,Frappuccino Blended Beverages,Frappuccino Seasonal,Chestnut Praline Crème Frappuccino Blended Beverage,"A joyful world of deliciousness: holiday flavors of caramelized chestnuts and spices blended with milk and ice, and topped with whipped cream and spiced praline crumbs.","ICE, MILK, CRИME FRAPPUCCINO SYRUP [SUGAR, WATER, NATURAL FLAVOR, SALT, XANTHAN GUM, POTASSIUM SORBATE, CITRIC ACID], WHIPPED CREAM [CREAM (CREAM, MONO AND DIGLYCERIDES, CARAGEENAN), VANILLA SYRUP (SUGAR, WATER, NATURAL FLAVORS, POTASSIUM SORBATE, CITRIC ACID)], CHESTNUT PRALINE SYRUP [SUGAR, WATER, NATURAL FLAVOR, CITRIC ACID, PRESERVATIVE: POTASSIUM SORBATE], CHESTNUT PRALINE TOPPING [SPICED SUGAR (SUGAR, CINNAMON, GINGER, CLOVE), TOFFEE SUGAR (SUGAR, VEGETABLE COLORS (PUMPKIN, APPLE, PURPLE CARROT, HIBISCUS), NATURAL FLAVORS, SALT, ANNATTO, BAKING SODA)]",340,16 g,50 mg,240 mg,43 g,5 g,0 mg*,43 g,340,Grande  16 fl oz,4.5
1702948685-100,Frappuccino Blended Beverages,Frappuccino,Caramel Brulée Crème Frappuccino Blended Beverage,"A combination of rich caramel brulée sauce blended with milk and ice, topped with whipped cream and our crunchy caramel brulée bits for an extra-tasty holi-yay treat.","ICE, MILK, CRИME FRAPPUCCINO SYRUP [SUGAR, WATER, NATURAL FLAVOR, SALT, XANTHAN GUM, POTASSIUM SORBATE, CITRIC ACID], WHIPPED CREAM [CREAM (CREAM, MONO AND DIGLYCERIDES, CARAGEENAN), VANILLA SYRUP (SUGAR, WATER, NATURAL FLAVORS, POTASSIUM SORBATE, CITRIC ACID)], CARAMEL BRULEE SAUCE [SUGARS (INVERT SUGAR, SUGAR, FRUCTOSE), WATER, SKIM MILK POWDER, NATURAL FLAVOR, SALT, PRESERVATIVE: POTASSIUM SORBATE, SODIUM BICARBONATE], CARAMEL BRULEE TOPPING [SUGAR, CORN SYRUP, NATURAL FLAVOR, FRUIT AND VEGETABLE COLORS (APPLE, PURPLE CARROT, HIBISCUS)]",380,16 g,50 mg,330 mg,54 g,5 g,0 mg*,49 g,380,Grande  16 fl oz,4.5
1702948690-101,Frappuccino Blended Beverages,Frappuccino Seasonal,Pumpkin Spice Crème Frappuccino Blended Beverage,"Pumpkin blended with traditional fall spice flavors, milk and ice, topped with whipped cream and pumpkin-pie spice. Helllloooooo, fall!","ICE, MILK, CRÈME FRAPPUCCINO SYRUP [SUGAR, WATER, NATURAL FLAVOR, SALT, XANTHAN GUM, POTASSIUM SORBATE, CITRIC ACID], WHIPPED CREAM [CREAM (CREAM, MONO AND DIGLYCERIDES, CARAGEENAN), VANILLA SYRUP (SUGAR, WATER, NATURAL FLAVORS, POTASSIUM SORBATE, CITRIC ACID)], PUMPKIN SPICE SAUCE [SUGAR, CONDENSED SKIM MILK, PUMPKIN PUREE, CONTAINS 2% OR LESS OF FRUIT AND VEGETABLE JUICE FOR COLOR, NATURAL FLAVORS, ANNATTO, SALT, POTASSIUM SORBATE], PUMPKIN SPICE TOPPING [CINNAMON, GINGER, NUTMEG, AND CLOVES]",360,16 g,50 mg,270 mg,47 g,6 g,0 mg*,47 g,360,Grande  16 fl oz,4.5
1702948717-102,Frappuccino Blended Beverages,Frappuccino Seasonal,Apple Crisp Oatmilk Crème Frappuccino Blended Beverage,"Flavors of apple, cinnamon and brown sugar blended with oatmilk and ice. Topped with a spiced-apple drizzle and whipped cream.","ICE, OATMILK [OATMILK (WATER, OATS), CANOLA OIL, CONTAINS 2% OR LESS OF: DIPOTASSIUM PHOSPHATE, CALCIUM CARBONATE, TRICALCIUM PHOSPHATE, SEA SALT, DICALCIUM PHOSPHATE, RIBOFLAVIN, VITAMIN A, VITAMIN D2, VITAMIN B12], CRÈME FRAPPUCCINO SYRUP [SUGAR, WATER, NATURAL FLAVOR, SALT, XANTHAN GUM, POTASSIUM SORBATE, CITRIC ACID], WHIPPED CREAM [CREAM (CREAM, MONO AND DIGLYCERIDES, CARAGEENAN), VANILLA SYRUP (SUGAR, WATER, NATURAL FLAVORS, POTASSIUM SORBATE, CITRIC ACID)], APPLE BROWN SUGAR SYRUP [SUGARS (INVERT SUGAR, BROWN SUGAR), WATER, NATURAL FLAVORS, SALT, PRESERVATIVE: POTASSIUM SORBATE, MALIC ACID], SPICED APPLE DRIZZLE [SUGARS (CORN SYRUP, INVERT SUGAR, APPLE JUICE CONCENTRATE, SUGAR), WATER, CINNAMON, SALT, PRESERVATIVE: POTASSIUM SORBATE, CARAMELIZED SUGAR (FOR COLOR, WHEAT), MALIC ACID, NUTMEG]",380,16 g,35 mg,320 mg,58 g,2 g,0 mg*,46 g,380,Grande  16 fl oz,4.5
1702948748-103,Frappuccino Blended Beverages,Frappuccino Seasonal,Sugar Cookie Almondmilk Crème Frappuccino Blended Beverage,"Sugar cookie-flavored syrup combined with almondmilk and blended with ice, topped with whipped cream and red and green sprinkles.","ICE, ALMONDMILK [FILTERED WATER, ALMONDS, SUGAR, CALCIUM CARBONATE, SUNFLOWER LECITHIN, SEA SALT, XANTHAN GUM, GUAR GUM, VITAMIN A PALMITATE, VITAMIN D2 (ERGOCALCIFEROL)], CRИME FRAPPUCCINO SYRUP [SUGAR, WATER, NATURAL FLAVOR, SALT, XANTHAN GUM, POTASSIUM SORBATE, CITRIC ACID], WHIPPED CREAM [CREAM (CREAM (MILK), MONO AND DIGLYCERIDES, CARAGEENAN), VANILLA SYRUP (SUGAR, WATER, NATURAL FLAVORS, POTASSIUM SORBATE, CITRIC ACID)], SUGAR COOKIE FLAVORED SYRUP [SUGAR, WATER, NATURAL FLAVOR, PRESERVATIVE: POTASSIUM SORBATE, SALT, CITRIC ACID], RED & GREEN SPRINKLES TOPPING [SUGARS (SUGAR, POWDERED SUGAR (SUGAR, CORN STARCH)), CORN STARCH, NATURAL FLAVOR, VEGETABLE JUICE FOR COLOR (PURPLE SWEET POTATO, SPIRULINA), CARNAUBA WAX, RIBOFLAVIN FOR COLOR, TURMERIC AND BETA CAROTENE FOR COLOR, PALM OIL]",310,14 g,35 mg,270 mg,45 g,2 g,0 mg*,43 g,310,Grande  16 fl oz,4.5
1702948777-104,Frappuccino Blended Beverages,Frappuccino,White Chocolate Mocha Frappuccino Blended Beverage,"White chocolate Frappuccino Roast coffee, milk and ice get together for what might be the best thing that happens to you all day. Oh, and there's whipped cream on top.","ICE, MILK, COFFEE FRAPPUCCINO SYRUP [SUGAR, WATER, NATURAL FLAVOR, SALT, XANTHAN GUM, POTASSIUM SORBATE, CITRIC ACID], WHIPPED CREAM [CREAM (CREAM, MONO AND DIGLYCERIDES, CARAGEENAN), VANILLA SYRUP (SUGAR, WATER, NATURAL FLAVORS, POTASSIUM SORBATE, CITRIC ACID)], COFFEE, WHITE CHOCOLATE MOCHA SAUCE [SUGAR, CONDENSED SKIM MILK, COCONUT OIL, COCOA BUTTER, NATURAL FLAVOR, SALT, POTASSIUM SORBATE, MONOGLYCERIDES]",420,17 g,45 mg,260 mg,61 g,5 g,95 mg*,61 g,420,Grande  16 fl oz,4.5
1702948807-105,Frappuccino Blended Beverages,Frappuccino,Java Chip Frappuccino Blended Beverage,"We blend mocha sauce and Frappuccino chips with coffee, milk and ice, then top it off with whipped cream and a mocha drizzle to bring you endless java joy.","ICE, MILK, COFFEE FRAPPUCCINO SYRUP [SUGAR, WATER, NATURAL FLAVOR, SALT, XANTHAN GUM, POTASSIUM SORBATE, CITRIC ACID], WHIPPED CREAM [CREAM (CREAM, MONO AND DIGLYCERIDES, CARAGEENAN), VANILLA SYRUP (SUGAR, WATER, NATURAL FLAVORS, POTASSIUM SORBATE, CITRIC ACID)], COFFEE, MOCHA SAUCE [WATER, SUGAR, COCOA PROCESSED WITH ALKALI, NATURAL FLAVOR], FRAPPUCCINO CHIPS [CONFECTIONERY COATING (SUGAR, PALM KERNEL AND PALM OILS, COCOA PROCESSED WITH ALKALI, SOY LECITHIN, VANILLA, MILK), COCOA (PROCESSED WITH ALKALI, 9%), COOKIE CRUMBS (UNBLEACHED UNENRICHED WHEAT FLOUR, SUGAR, PALM AND PALM KERNEL OIL, COCOA PROCESSED WITH ALKALI, CHOCOLATE MASS, SALT, SODIUM BICARBONATE, SOY LECITHIN, NATURAL FLAVOR), CHOCOLATE MASS (2%), AND SALT]",440,19 g,45 mg,260 mg,64 g,6 g,105 mg*,59 g,440,Grande  16 fl oz,4.5
1702948837-106,Frappuccino Blended Beverages,Frappuccino,Mocha Frappuccino Blended Beverage,"Mocha sauce, Frappuccino Roast coffee, milk and ice all come together for a mocha flavor that'll leave you wanting more. To change things up, try it affogato-style with a hot espresso shot poured right over the top.","ICE, MILK, COFFEE FRAPPUCCINO SYRUP [SUGAR, WATER, NATURAL FLAVOR, SALT, XANTHAN GUM, POTASSIUM SORBATE, CITRIC ACID], WHIPPED CREAM [CREAM (CREAM, MONO AND DIGLYCERIDES, CARAGEENAN), VANILLA SYRUP (SUGAR, WATER, NATURAL FLAVORS, POTASSIUM SORBATE, CITRIC ACID)], COFFEE, MOCHA SAUCE [WATER, SUGAR, COCOA PROCESSED WITH ALKALI, NATURAL FLAVOR]",370,15 g,45 mg,220 mg,54 g,5 g,100 mg*,51 g,370,Grande  16 fl oz,4.5
1702948867-107,Frappuccino Blended Beverages,Frappuccino,Coffee Frappuccino Blended Beverage,Coffee meets milk and ice in a blender for a rumble-and-tumble togetherness to create one of our most-beloved original Frappuccino blended beverages.,"Ice, Milk, Coffee Frappuccino Syrup [Sugar, Water, Natural Flavor, Salt, Xanthan Gum, Potassium Sorbate, Citric Acid], Coffee.",230,3 g,10 mg,230 mg,46 g,3 g,95 mg*,45 g,230,Grande  16 fl oz,4.5
1702948871-108,Frappuccino Blended Beverages,Frappuccino,Caramel Frappuccino Blended Beverage,"Caramel syrup meets coffee, milk and ice for a rendezvous in the blender, while whipped cream and buttery caramel sauce layer the love on top. To change things up, try it affogato-style with a hot espresso shot poured right over the top.","ICE, MILK, COFFEE FRAPPUCCINO SYRUP [SUGAR, WATER, NATURAL FLAVOR, SALT, XANTHAN GUM, POTASSIUM SORBATE, CITRIC ACID], WHIPPED CREAM [CREAM (CREAM, MONO AND DIGLYCERIDES, CARAGEENAN), VANILLA SYRUP (SUGAR, WATER, NATURAL FLAVORS, POTASSIUM SORBATE, CITRIC ACID)], COFFEE, CARAMEL SYRUP [SUGAR, WATER, NATURAL FLAVOR, CITRIC ACID, POTASSIUM SORBATE], CARAMEL SAUCE [SUGAR, CORN SYRUP, BUTTER (CREAM (MILK), SALT), WATER, HEAVY CREAM, NONFAT DRY MILK, NATURAL FLAVORS, SALT, MONO & DIGLYCERIDES, SOY LECITHIN, SULFITES]",380,16 g,50 mg,230 mg,55 g,4 g,90 mg*,54 g,380,Grande  16 fl oz,4.5
1702948930-109,Frappuccino Blended Beverages,Frappuccino,Caffè Vanilla Frappuccino Blended Beverage,"We take Frappuccino roast coffee and vanilla bean powder, combine them with milk and ice, topped with whipped cream. Tastes like happiness.","ICE, MILK, COFFEE FRAPPUCCINO SYRUP [SUGAR, WATER, NATURAL FLAVOR, SALT, XANTHAN GUM, POTASSIUM SORBATE, CITRIC ACID], COFFEE, WHIPPED CREAM [CREAM (CREAM, MONO AND DIGLYCERIDES, CARAGEENAN), VANILLA SYRUP (SUGAR, WATER, NATURAL FLAVORS, POTASSIUM SORBATE, CITRIC ACID)], VANILLA BEAN POWDER [SUGAR, NATURAL FLAVOR, VANILLA BEAN PIECES]",410,15 g,45 mg,230 mg,64 g,4 g,95 mg*,63 g,410,Grande  16 fl oz,4.5
1702948935-110,Frappuccino Blended Beverages,Frappuccino,Espresso Frappuccino Blended Beverage,"Coffee is combined with a shot of espresso and milk, then blended with ice to give you a nice little jolt and lots of sipping joy.","Ice, Milk, Coffee Frappuccino Syrup [Sugar, Water, Natural Flavor, Salt, Xanthan Gum, Potassium Sorbate, Citric Acid], Coffee, Brewed Espresso.",210,2.5 g,5 mg,210 mg,43 g,3 g,155 mg*,42 g,210,Grande  16 fl oz,4.5
1702948969-111,Frappuccino Blended Beverages,Frappuccino,Caramel Ribbon Crunch Frappuccino Blended Beverage,"Buttery caramel syrup blended with coffee, milk and ice, then topped with a layer of dark caramel sauce, whipped cream, caramel drizzle and a crunchy caramel-sugar topping—oh-so-beautifully delicious.","ICE, MILK, COFFEE FRAPPUCCINO SYRUP [SUGAR, WATER, NATURAL FLAVOR, SALT, XANTHAN GUM, POTASSIUM SORBATE, CITRIC ACID], WHIPPED CREAM [CREAM (CREAM, MONO AND DIGLYCERIDES, CARAGEENAN), VANILLA SYRUP (SUGAR, WATER, NATURAL FLAVORS, POTASSIUM SORBATE, CITRIC ACID)], COFFEE, DARK CARAMEL SAUCE [CORN SYRUP, SWEETENED CONDENSED MILK (MILK, SUGAR), WATER, SUGAR, NATURAL FLAVORS, BUTTER (CREAM, SALT), SALT, SUNFLOWER LECITHIN, POTASSIUM SORBATE], CARAMEL SAUCE [SUGAR, CORN SYRUP, BUTTER (CREAM (MILK), SALT), WATER, HEAVY CREAM, NONFAT DRY MILK, NATURAL FLAVORS, SALT, MONO & DIGLYCERIDES, SOY LECITHIN, SULFITES], CARAMEL SUGAR TOPPING [CANE SUGAR, NATURAL FLAVORS, VEGETABLE COLORS (PUMPKIN, APPLE, PURPLE CARROT, HIBISCUS), SALT, ANNATTO, BAKING SODA]",470,22 g,65 mg,280 mg,65 g,5 g,85 mg*,60 g,470,Grande  16 fl oz,4.5
1702949000-112,Frappuccino Blended Beverages,Frappuccino Seasonal,Mocha Cookie Crumble Frappuccino,"Frappuccino Roast coffee, mocha sauce and Frappuccino chips blended with milk and ice, layered on top of whipped cream and chocolate cookie crumble and topped with vanilla whipped cream, mocha drizzle and even more chocolate cookie crumble. Each sip is as good as the last . . . all the way to the end.","ICE, MILK, COFFEE FRAPPUCCINO SYRUP [SUGAR, WATER, NATURAL FLAVOR, SALT, XANTHAN GUM, POTASSIUM SORBATE, CITRIC ACID], WHIPPED CREAM [CREAM (CREAM, MONO AND DIGLYCERIDES, CARAGEENAN), VANILLA SYRUP (SUGAR, WATER, NATURAL FLAVORS, POTASSIUM SORBATE, CITRIC ACID)], COFFEE, MOCHA SAUCE [WATER, SUGAR, COCOA PROCESSED WITH ALKALI, NATURAL FLAVOR], FRAPPUCCINO CHIPS [CONFECTIONERY COATING (SUGAR, PALM KERNEL AND PALM OILS, COCOA PROCESSED WITH ALKALI, SOY LECITHIN, VANILLA, MILK), COCOA (PROCESSED WITH ALKALI, 9%), COOKIE CRUMBS (UNBLEACHED UNENRICHED WHEAT FLOUR, SUGAR, PALM AND PALM KERNEL OIL, COCOA PROCESSED WITH ALKALI, CHOCOLATE MASS, SALT, SODIUM BICARBONATE, SOY LECITHIN, NATURAL FLAVOR), CHOCOLATE MASS (2%), AND SALT], CHOCOLATE COOKIE GRIND TOPPING [SUGAR, ENRICHED FLOUR (WHEAT FLOUR, NIACIN, REDUCED IRON, THIAMINE MONONITRATE, RIBOFLAVIN, FOLIC ACID), PALM AND PALM KERNEL OIL, COCOA PROCESSED WITH ALKALI, SALT, SODIUM BICARBONATE, SOY LECITHIN, NATURAL FLAVOR]",480,24 g,60 mg,270 mg,62 g,6 g,95 mg*,55 g,480,Grande  16 fl oz,4.5
1702949006-113,Frappuccino Blended Beverages,Frappuccino Seasonal,Peppermint White Chocolate Mocha Frappuccino Blended Beverage,"A delectable blend of white chocolaty-pepperminty perfection in every cool sip—Frappuccino Roast coffee, white chocolate mocha sauce, peppermint-flavored syrup, milk and ice, topped with whipped cream and dark-chocolate curls.","ICE, MILK, COFFEE FRAPPUCCINO SYRUP [SUGAR, WATER, NATURAL FLAVOR, SALT, XANTHAN GUM, POTASSIUM SORBATE, CITRIC ACID], COFFEE, WHIPPED CREAM [CREAM (CREAM, MONO AND DIGLYCERIDES, CARAGEENAN), VANILLA SYRUP (SUGAR, WATER, NATURAL FLAVORS, POTASSIUM SORBATE, CITRIC ACID)], WHITE CHOCOLATE MOCHA SAUCE [SUGAR, CONDENSED SKIM MILK, COCONUT OIL, COCOA BUTTER, NATURAL FLAVOR, SALT, POTASSIUM SORBATE, MONOGLYCERIDES], PEPPERMINT SYRUP [SUGAR, WATER, NATURAL FLAVOR, SODIUM BENZOATE, CITRIC ACID]",470,17 g,45 mg,280 mg,73 g,6 g,100 mg*,73 g,470,Grande  16 fl oz,4.5
1702949042-114,Frappuccino Blended Beverages,Frappuccino Seasonal,Peppermint Mocha Frappuccino Blended Beverage,"A delectable blend of chocolaty-pepperminty perfection in every cool sip—Frappuccino Roast coffee, mocha sauce, peppermint-flavored syrup, milk and ice, topped with whipped cream and dark-chocolate curls.","ICE, MILK, COFFEE FRAPPUCCINO SYRUP [SUGAR, WATER, NATURAL FLAVOR, SALT, XANTHAN GUM, POTASSIUM SORBATE, CITRIC ACID], COFFEE, WHIPPED CREAM [CREAM (CREAM, MONO AND DIGLYCERIDES, CARAGEENAN), VANILLA SYRUP (SUGAR, WATER, NATURAL FLAVORS, POTASSIUM SORBATE, CITRIC ACID)], MOCHA SAUCE [WATER, SUGAR, COCOA PROCESSED WITH ALKALI, NATURAL FLAVOR], PEPPERMINT SYRUP [SUGAR, WATER, NATURAL FLAVOR, SODIUM BENZOATE, CITRIC ACID], DARK CHOCOLATE CURLS [SUGAR, CHOCOLATE MASS (PROCESSED WITH ALKALI), COCOA BUTTER, SOY LECITHIN, VANILLA EXTRACT, MILK]",430,16 g,45 mg,240 mg,67 g,5 g,110 mg*,63 g,430,Grande  16 fl oz,4.5
1702949074-115,Frappuccino Blended Beverages,Frappuccino Seasonal,Chestnut Praline Frappuccino Blended Beverage,"A blissful world of deliciousness: festive flavors of caramelized chestnuts and spices blended with Frappuccino Roast coffee, milk and ice, and topped with whipped cream and spiced praline crumbs.","ICE, MILK, COFFEE FRAPPUCCINO SYRUP [SUGAR, WATER, NATURAL FLAVOR, SALT, XANTHAN GUM, POTASSIUM SORBATE, CITRIC ACID], WHIPPED CREAM [CREAM (CREAM, MONO AND DIGLYCERIDES, CARAGEENAN), VANILLA SYRUP (SUGAR, WATER, NATURAL FLAVORS, POTASSIUM SORBATE, CITRIC ACID)], COFFEE, CHESTNUT PRALINE SYRUP [SUGAR, WATER, NATURAL FLAVOR, CITRIC ACID, PRESERVATIVE: POTASSIUM SORBATE], CHESTNUT PRALINE TOPPING [SPICED SUGAR (SUGAR, CINNAMON, GINGER, CLOVE), TOFFEE SUGAR (SUGAR, VEGETABLE COLORS (PUMPKIN, APPLE, PURPLE CARROT, HIBISCUS), NATURAL FLAVORS, SALT, ANNATTO, BAKING SODA)]",380,15 g,45 mg,230 mg,57 g,4 g,95 mg*,56 g,380,Grande  16 fl oz,4.5
1702949079-116,Frappuccino Blended Beverages,Frappuccino Seasonal,Caramel Brulée Frappuccino Blended Beverage,"Frappuccino Roast coffee, milk and ice blended with rich caramel brulée sauce, and then topped with whipped cream and our crunchy caramel brulée bits for extra-gooey goodness.","ICE, MILK, COFFEE FRAPPUCCINO SYRUP [SUGAR, WATER, NATURAL FLAVOR, SALT, XANTHAN GUM, POTASSIUM SORBATE, CITRIC ACID], WHIPPED CREAM [CREAM (CREAM, MONO AND DIGLYCERIDES, CARAGEENAN), VANILLA SYRUP (SUGAR, WATER, NATURAL FLAVORS, POTASSIUM SORBATE, CITRIC ACID)], COFFEE, CARAMEL BRULEE SAUCE [SUGARS (INVERT SUGAR, SUGAR, FRUCTOSE), WATER, SKIM MILK POWDER, NATURAL FLAVOR, SALT, PRESERVATIVE: POTASSIUM SORBATE, SODIUM BICARBONATE], CARAMEL BRULEE TOPPING [SUGAR, CORN SYRUP, NATURAL FLAVOR, FRUIT AND VEGETABLE COLORS (APPLE, PURPLE CARROT, HIBISCUS)]",400,15 g,45 mg,300 mg,64 g,4 g,90 mg*,58 g,400,Grande  16 fl oz,4.5
1702949112-117,Frappuccino Blended Beverages,Frappuccino Seasonal,Pumpkin Spice Frappuccino Blended Beverage,"Pumpkin plus traditional fall spice flavors, blended with coffee, milk and ice and topped with whipped cream and pumpkin-pie spice. Think of it as the ultimate fall care package.","ICE, MILK, COFFEE FRAPPUCCINO SYRUP [SUGAR, WATER, NATURAL FLAVOR, SALT, XANTHAN GUM, POTASSIUM SORBATE, CITRIC ACID], COFFEE, WHIPPED CREAM [CREAM (CREAM, MONO AND DIGLYCERIDES, CARAGEENAN), VANILLA SYRUP (SUGAR, WATER, NATURAL FLAVORS, POTASSIUM SORBATE, CITRIC ACID)], PUMPKIN SPICE SAUCE [SUGAR, CONDENSED SKIM MILK, PUMPKIN PUREE, CONTAINS 2% OR LESS OF FRUIT AND VEGETABLE JUICE FOR COLOR, NATURAL FLAVORS, ANNATTO, SALT, POTASSIUM SORBATE], PUMPKIN SPICE TOPPING [CINNAMON, GINGER, NUTMEG, AND CLOVES]",420,15 g,50 mg,280 mg,66 g,6 g,100 mg*,65 g,420,Grande  16 fl oz,4.5
1702949148-118,Frappuccino Blended Beverages,Frappuccino Seasonal,Apple Crisp Oatmilk Frappuccino Blended Beverage,,"ICE, OATMILK [OATMILK (WATER, OATS), CANOLA OIL, CONTAINS 2% OR LESS OF: DIPOTASSIUM PHOSPHATE, CALCIUM CARBONATE, TRICALCIUM PHOSPHATE, SEA SALT, DICALCIUM PHOSPHATE, RIBOFLAVIN, VITAMIN A, VITAMIN D2, VITAMIN B12], COFFEE FRAPPUCCINO SYRUP [SUGAR, WATER, NATURAL FLAVOR, SALT, XANTHAN GUM, POTASSIUM SORBATE, CITRIC ACID], COFFEE, WHIPPED CREAM [CREAM (CREAM, MONO AND DIGLYCERIDES, CARAGEENAN), VANILLA SYRUP (SUGAR, WATER, NATURAL FLAVORS, POTASSIUM SORBATE, CITRIC ACID)], APPLE BROWN SUGAR SYRUP [SUGARS (INVERT SUGAR, BROWN SUGAR), WATER, NATURAL FLAVORS, SALT, PRESERVATIVE: POTASSIUM SORBATE, MALIC ACID], SPICED APPLE DRIZZLE [SUGARS (CORN SYRUP, INVERT SUGAR, APPLE JUICE CONCENTRATE, SUGAR), WATER, CINNAMON, SALT, PRESERVATIVE: POTASSIUM SORBATE, CARAMELIZED SUGAR (FOR COLOR, WHEAT), MALIC ACID, NUTMEG]",420,15 g,35 mg,310 mg,70 g,2 g,100 mg*,60 g,,Grande  16 fl oz,4.5
1702949153-119,Frappuccino Blended Beverages,Frappuccino Seasonal,Sugar Cookie Almondmilk Frappuccino Blended Beverage,"Sugar cookie-flavored syrup combined with Frappuccino Roast coffee and almondmilk and blended with ice, topped with whipped cream and red and green sprinkles.","ICE, ALMONDMILK [FILTERED WATER, ALMONDS, SUGAR, CALCIUM CARBONATE, SUNFLOWER LECITHIN, SEA SALT, XANTHAN GUM, GUAR GUM, VITAMIN A PALMITATE, VITAMIN D2 (ERGOCALCIFEROL)], COFFEE FRAPPUCCINO SYRUP [SUGAR, WATER, NATURAL FLAVOR, SALT, XANTHAN GUM, POTASSIUM SORBATE, CITRIC ACID], COFFEE, WHIPPED CREAM [CREAM (CREAM (MILK), MONO AND DIGLYCERIDES, CARAGEENAN), VANILLA SYRUP (SUGAR, WATER, NATURAL FLAVORS, POTASSIUM SORBATE, CITRIC ACID)], SUGAR COOKIE FLAVORED SYRUP [SUGAR, WATER, NATURAL FLAVOR, PRESERVATIVE: POTASSIUM SORBATE, SALT, CITRIC ACID], RED & GREEN SPRINKLES TOPPING [SUGARS (SUGAR, POWDERED SUGAR (SUGAR, CORN STARCH)), CORN STARCH, NATURAL FLAVOR, VEGETABLE JUICE FOR COLOR (PURPLE SWEET POTATO, SPIRULINA), CARNAUBA WAX, RIBOFLAVIN FOR COLOR, TURMERIC AND BETA CAROTENE FOR COLOR, PALM OIL]",370,13 g,35 mg,260 mg,61 g,2 g,105 mg*,58 g,370,Grande  16 fl oz,4.5
1702949224-120,Hot Drinks,Vanilla Crème,Vanilla Crème,"A smooth, frothy vanilla flavoured luxury. For those times when you’d rather not indulge in the rich flavour of our world-famous espresso—but still desire a hot, creamy vanilla beverage.","MILK, VANILLA SYRUP [SUGAR, WATER, NATURAL FLAVORS, POTASSIUM SORBATE, CITRIC ACID], WHIPPED CREAM [CREAM (CREAM, MONO AND DIGLYCERIDES, CARAGEENAN), VANILLA SYRUP (SUGAR, WATER, NATURAL FLAVORS, POTASSIUM SORBATE, CITRIC ACID)]",350,14 g,50 mg,180 mg,44 g,13 g,0 mg*,43 g,350,Grande  16 fl oz,4.5
1702949229-121,Hot Drinks,Steamed Milk,Steamed Milk,"Enjoy a warm cup of skim, 2%, soy, almond or coconutmilk steamed for your sipping pleasure.",Milk.,200,8 g,30 mg,190 mg,19 g,13 g,0 mg*,19 g,200,Grande  16 fl oz,4.5
1702949265-122,Hot Drinks,Pumpkin Spice Crème,Pumpkin Spice Crème,,"MILK, PUMPKIN SPICE SAUCE [SUGAR, CONDENSED SKIM MILK, PUMPKIN PUREE, CONTAINS 2% OR LESS OF FRUIT AND VEGETABLE JUICE FOR COLOR, NATURAL FLAVORS, ANNATTO, SALT, POTASSIUM SORBATE], WHIPPED CREAM [CREAM (CREAM, MONO AND DIGLYCERIDES, CARAGEENAN), VANILLA SYRUP (SUGAR, WATER, NATURAL FLAVORS, POTASSIUM SORBATE, CITRIC ACID)], PUMPKIN SPICE TOPPING [CINNAMON, GINGER, NUTMEG, CLOVE, SULFITING AGENTS]",400,15 g,55 mg,250 mg,52 g,15 g,0 mg*,52 g,,Grande  16 fl oz,4.5
1702949302-123,Hot Drinks,Caramel Brulée Crème,Caramel Brulée Crème,Steamed milk and rich caramel brulée sauce deliciously finished with whipped cream and a caramel brulée topping—an ode to holiday sweetness.,"MILK, CARAMEL BRULEE SAUCE [SUGARS (INVERT SUGAR, SUGAR, FRUCTOSE), WATER, SKIM MILK POWDER, NATURAL FLAVOR, SALT, PRESERVATIVE: POTASSIUM SORBATE, SODIUM BICARBONATE], WHIPPED CREAM [CREAM (CREAM, MONO AND DIGLYCERIDES, CARAGEENAN), VANILLA SYRUP (SUGAR, WATER, NATURAL FLAVORS, POTASSIUM SORBATE, CITRIC ACID)], CARAMEL BRULEE TOPPING [SUGAR, CORN SYRUP, NATURAL FLAVOR, FRUIT AND VEGETABLE COLORS (APPLE, PURPLE CARROT, HIBISCUS)]",420,14 g,50 mg,350 mg,61 g,13 g,0 mg*,50 g,420,Grande  16 fl oz,4.5
1702949307-124,Hot Drinks,Chestnut Praline Crème,Chestnut Praline Crème,Steamed milk and flavors of caramelized chestnuts and spices—topped with whipped cream and spiced praline crumbs—come together for this festive moment.,"MILK, CHESTNUT PRALINE SYRUP [SUGAR, WATER, NATURAL FLAVOR, CITRIC ACID, PRESERVATIVE: POTASSIUM SORBATE], WHIPPED CREAM [CREAM (CREAM, MONO AND DIGLYCERIDES, CARAGEENAN), VANILLA SYRUP (SUGAR, WATER, NATURAL FLAVORS, POTASSIUM SORBATE, CITRIC ACID)], CHESTNUT PRALINE TOPPING [SPICED SUGAR (SUGAR, CINNAMON, GINGER, CLOVE), TOFFEE SUGAR (SUGAR, VEGETABLE COLORS (PUMPKIN, APPLE, PURPLE CARROT, HIBISCUS), NATURAL FLAVORS, SALT, ANNATTO, BAKING SODA)]",350,15 g,55 mg,180 mg,42 g,13 g,0 mg*,41 g,350,Grande  16 fl oz,4.5
1702949346-125,Hot Drinks,Steamed Apple Juice,Steamed Apple Juice,,Apple Juice,220,0 g,0 mg,20 mg,55 g,0 g,0 mg*,50 g,,Grande  16 fl oz,4.5
1702949385-126,Hot Drinks,Caramel Apple Spice,Caramel Apple Spice,"Steamed apple juice complemented with cinnamon syrup, whipped cream and a caramel sauce drizzle.","APPLE JUICE, CINNAMON DOLCE SYRUP [SUGAR, WATER, NATURAL FLAVOR, CITRIC ACID, POTASSIUM SORBATE], WHIPPED CREAM [CREAM (CREAM, MONO AND DIGLYCERIDES, CARAGEENAN), VANILLA SYRUP (SUGAR, WATER, NATURAL FLAVORS, POTASSIUM SORBATE, CITRIC ACID)], CARAMEL SAUCE [SUGAR, CORN SYRUP, BUTTER (CREAM (MILK), SALT), WATER, HEAVY CREAM, NONFAT DRY MILK, NATURAL FLAVORS, SALT, MONO & DIGLYCERIDES, SOY LECITHIN, SULFITES]",380,8 g,25 mg,35 mg,77 g,1 g,0 mg*,70 g,380,Grande  16 fl oz,4.5
1702949390-127,Hot Drinks,White Hot Chocolate,White Hot Chocolate,"A traditional hot chocolate beverage made with white chocolate sauce and steamed milk, topped with whipped cream.","MILK, WHITE CHOCOLATE MOCHA SAUCE [SUGAR, CONDENSED SKIM MILK, COCONUT OIL, COCOA BUTTER, NATURAL FLAVOR, SALT, POTASSIUM SORBATE, MONOGLYCERIDES], WHIPPED CREAM [CREAM (CREAM, MONO AND DIGLYCERIDES, CARAGEENAN), VANILLA SYRUP (SUGAR, WATER, NATURAL FLAVORS, POTASSIUM SORBATE, CITRIC ACID)]",440,19 g,55 mg,260 mg,55 g,15 g,0 mg*,55 g,440,Grande  16 fl oz,4.5
1702949431-128,Hot Drinks,Hot Chocolate,Hot Chocolate,Steamed milk with chocolate-flavored syrups. Topped with sweetened whipped cream and chocolate-flavored drizzle. A timeless classic made to sweeten your spirits.,"MILK, MOCHA SAUCE [WATER, SUGAR, COCOA PROCESSED WITH ALKALI, NATURAL FLAVOR], WHIPPED CREAM [CREAM (CREAM, MONO AND DIGLYCERIDES, CARAGEENAN), VANILLA SYRUP (SUGAR, WATER, NATURAL FLAVORS, POTASSIUM SORBATE, CITRIC ACID)]",370,16 g,50 mg,160 mg,43 g,14 g,25 mg*,37 g,370,Grande  16 fl oz,4.5
1702949472-129,Hot Drinks,Peppermint White Hot Chocolate,Peppermint White Hot Chocolate,"A sweet twist on holiday hot chocolate—white chocolate mocha sauce, peppermint-flavored syrup and steamed milk, topped with whipped cream and dark-chocolate curls.","MILK, WHITE CHOCOLATE MOCHA SAUCE [SUGAR, CONDENSED SKIM MILK, COCONUT OIL, COCOA BUTTER, NATURAL FLAVOR, SALT, POTASSIUM SORBATE, MONOGLYCERIDES], PEPPERMINT SYRUP [SUGAR, WATER, NATURAL FLAVOR, SODIUM BENZOATE, CITRIC ACID], WHIPPED CREAM [CREAM (CREAM, MONO AND DIGLYCERIDES, CARRAGEENAN), VANILLA SYRUP (SUGAR, WATER, NATURAL FLAVORS, POTASSIUM SORBATE, CITRIC ACID)], DARK CHOCOLATE CURLS [SUGAR, CHOCOLATE MASS (PROCESSED WITH ALKALI), COCOA BUTTER, SOY LECITHIN, VANILLA EXTRACT, MILK]",520,19 g,50 mg,260 mg,75 g,15 g,0 mg*,74 g,520,Grande  16 fl oz,4.5